fold_id,feature,importance,is_history_count,stat_type
test_2013,sharp_24h_MEANGBZ_last,0.0004391653433400991,False,last
test_2013,sharp_24h_MEANGBZ_mean,0.0008619996400791342,False,mean
test_2013,sharp_24h_MEANGBZ_std,0.0014395569405474264,False,std
test_2013,sharp_24h_MEANGBZ_min,0.0014203180755025181,False,min
test_2013,sharp_24h_MEANGBZ_max,0.0037210943792130554,False,max
test_2013,sharp_24h_MEANGBZ_delta,0.0008925701386932457,False,delta
test_2013,sharp_24h_MEANGAM_last,0.0017187664921493968,False,last
test_2013,sharp_24h_MEANGAM_mean,0.0019998832429707816,False,mean
test_2013,sharp_24h_MEANGAM_std,0.0006872887253493187,False,std
test_2013,sharp_24h_MEANGAM_min,0.0006026773376725774,False,min
test_2013,sharp_24h_MEANGAM_max,0.0014316388982986742,False,max
test_2013,sharp_24h_MEANGAM_delta,0.00413822337072299,False,delta
test_2013,sharp_24h_MEANGBT_last,0.0008817437039450912,False,last
test_2013,sharp_24h_MEANGBT_mean,0.0007949830500898419,False,mean
test_2013,sharp_24h_MEANGBT_std,0.0005193346380154883,False,std
test_2013,sharp_24h_MEANGBT_min,0.0010837803816483335,False,min
test_2013,sharp_24h_MEANGBT_max,0.0011736257937850203,False,max
test_2013,sharp_24h_MEANGBT_delta,0.0017308330972167555,False,delta
test_2013,sharp_24h_MEANGBH_last,0.0015609286032487438,False,last
test_2013,sharp_24h_MEANGBH_mean,0.007715848675325825,False,mean
test_2013,sharp_24h_MEANGBH_std,0.0028807727025315683,False,std
test_2013,sharp_24h_MEANGBH_min,0.009045735568101076,False,min
test_2013,sharp_24h_MEANGBH_max,0.009232710371874757,False,max
test_2013,sharp_24h_MEANGBH_delta,0.0012773127599234415,False,delta
test_2013,sharp_24h_MEANJZD_last,0.0012574905284046145,False,last
test_2013,sharp_24h_MEANJZD_mean,0.006183764303511572,False,mean
test_2013,sharp_24h_MEANJZD_std,0.0016013050225464317,False,std
test_2013,sharp_24h_MEANJZD_min,0.0010796663944294843,False,min
test_2013,sharp_24h_MEANJZD_max,0.006103975691006997,False,max
test_2013,sharp_24h_MEANJZD_delta,0.00022310206562108198,False,delta
test_2013,sharp_24h_TOTUSJZ_last,0.026306637567984927,False,last
test_2013,sharp_24h_TOTUSJZ_mean,0.03921050199489766,False,mean
test_2013,sharp_24h_TOTUSJZ_std,0.004331990881659478,False,std
test_2013,sharp_24h_TOTUSJZ_min,0.03645217590317584,False,min
test_2013,sharp_24h_TOTUSJZ_max,0.050918256114019525,False,max
test_2013,sharp_24h_TOTUSJZ_delta,0.005830131300478842,False,delta
test_2013,sharp_24h_MEANALP_last,0.001591003087328116,False,last
test_2013,sharp_24h_MEANALP_mean,0.0015596589752742396,False,mean
test_2013,sharp_24h_MEANALP_std,0.006765088603985413,False,std
test_2013,sharp_24h_MEANALP_min,0.00210910826158754,False,min
test_2013,sharp_24h_MEANALP_max,0.002046697688107327,False,max
test_2013,sharp_24h_MEANALP_delta,0.0007419451221420152,False,delta
test_2013,sharp_24h_MEANJZH_last,0.005909868951541566,False,last
test_2013,sharp_24h_MEANJZH_mean,0.0025874299151371605,False,mean
test_2013,sharp_24h_MEANJZH_std,0.002152255666484251,False,std
test_2013,sharp_24h_MEANJZH_min,0.0026117945281475,False,min
test_2013,sharp_24h_MEANJZH_max,0.0018730162566415421,False,max
test_2013,sharp_24h_MEANJZH_delta,0.0010683741111097867,False,delta
test_2013,sharp_24h_ABSNJZH_last,0.009157181730429523,False,last
test_2013,sharp_24h_ABSNJZH_mean,0.0009603296063561582,False,mean
test_2013,sharp_24h_ABSNJZH_std,0.031023737809565764,False,std
test_2013,sharp_24h_ABSNJZH_min,0.0006950412865713914,False,min
test_2013,sharp_24h_ABSNJZH_max,0.008235850376474911,False,max
test_2013,sharp_24h_ABSNJZH_delta,0.004247151662367315,False,delta
test_2013,sharp_24h_SAVNCPP_last,0.046308593190452434,False,last
test_2013,sharp_24h_SAVNCPP_mean,0.07230578328068896,False,mean
test_2013,sharp_24h_SAVNCPP_std,0.017061565298737234,False,std
test_2013,sharp_24h_SAVNCPP_min,0.03398872759288767,False,min
test_2013,sharp_24h_SAVNCPP_max,0.055313613774862325,False,max
test_2013,sharp_24h_SAVNCPP_delta,0.0038927639172713193,False,delta
test_2013,sharp_24h_MEANSHR_last,0.004841706987019451,False,last
test_2013,sharp_24h_MEANSHR_mean,0.00535576125804359,False,mean
test_2013,sharp_24h_MEANSHR_std,0.0006999914001124454,False,std
test_2013,sharp_24h_MEANSHR_min,0.004885546854428291,False,min
test_2013,sharp_24h_MEANSHR_max,0.004414442924338043,False,max
test_2013,sharp_24h_MEANSHR_delta,0.0030932975907317214,False,delta
test_2013,sharp_24h_SHRGT45_last,0.003621870322578247,False,last
test_2013,sharp_24h_SHRGT45_mean,0.00820334096802288,False,mean
test_2013,sharp_24h_SHRGT45_std,0.0008440679829311298,False,std
test_2013,sharp_24h_SHRGT45_min,0.0035430371948076693,False,min
test_2013,sharp_24h_SHRGT45_max,0.005302859535586022,False,max
test_2013,sharp_24h_SHRGT45_delta,0.0030862328141782105,False,delta
test_2013,sharp_24h_R_VALUE_last,0.09979507426925502,False,last
test_2013,sharp_24h_R_VALUE_mean,0.05637114911059908,False,mean
test_2013,sharp_24h_R_VALUE_std,0.002428322305078379,False,std
test_2013,sharp_24h_R_VALUE_min,0.03498361871010602,False,min
test_2013,sharp_24h_R_VALUE_max,0.06888952187233548,False,max
test_2013,sharp_24h_R_VALUE_delta,0.0070853270931566514,False,delta
test_2013,sharp_24h_USFLUX_last,0.018129667761645863,False,last
test_2013,sharp_24h_USFLUX_mean,0.006052636263002022,False,mean
test_2013,sharp_24h_USFLUX_std,0.0011363027322638527,False,std
test_2013,sharp_24h_USFLUX_min,0.006218662559621804,False,min
test_2013,sharp_24h_USFLUX_max,0.011674983537621798,False,max
test_2013,sharp_24h_USFLUX_delta,0.005112320071922523,False,delta
test_2013,sharp_24h_TOTPOT_last,0.00624950316075261,False,last
test_2013,sharp_24h_TOTPOT_mean,0.002902888144851669,False,mean
test_2013,sharp_24h_TOTPOT_std,0.011067149358143357,False,std
test_2013,sharp_24h_TOTPOT_min,0.004646022314511247,False,min
test_2013,sharp_24h_TOTPOT_max,0.05164493979640588,False,max
test_2013,sharp_24h_TOTPOT_delta,0.00676338471381596,False,delta
test_2013,sharp_24h_history_count,0.0,True,count
test_2014,sharp_24h_MEANGBZ_last,0.002194396763706333,False,last
test_2014,sharp_24h_MEANGBZ_mean,0.00419578223840172,False,mean
test_2014,sharp_24h_MEANGBZ_std,0.0025778554377264605,False,std
test_2014,sharp_24h_MEANGBZ_min,0.003628267837147341,False,min
test_2014,sharp_24h_MEANGBZ_max,0.0012382220390727288,False,max
test_2014,sharp_24h_MEANGBZ_delta,0.0008686802064203392,False,delta
test_2014,sharp_24h_MEANGAM_last,0.003377490697795537,False,last
test_2014,sharp_24h_MEANGAM_mean,0.0025421518629159434,False,mean
test_2014,sharp_24h_MEANGAM_std,0.0017779857740396715,False,std
test_2014,sharp_24h_MEANGAM_min,0.0014805861541713674,False,min
test_2014,sharp_24h_MEANGAM_max,0.0036820186901282822,False,max
test_2014,sharp_24h_MEANGAM_delta,0.0032889217745513846,False,delta
test_2014,sharp_24h_MEANGBT_last,0.0007669426221987165,False,last
test_2014,sharp_24h_MEANGBT_mean,0.0014754891291831854,False,mean
test_2014,sharp_24h_MEANGBT_std,0.0011456841539682655,False,std
test_2014,sharp_24h_MEANGBT_min,0.0026715496227054307,False,min
test_2014,sharp_24h_MEANGBT_max,0.000709281355051695,False,max
test_2014,sharp_24h_MEANGBT_delta,0.0022364425464637774,False,delta
test_2014,sharp_24h_MEANGBH_last,0.007183769801170158,False,last
test_2014,sharp_24h_MEANGBH_mean,0.014432502665559024,False,mean
test_2014,sharp_24h_MEANGBH_std,0.00315527884464196,False,std
test_2014,sharp_24h_MEANGBH_min,0.012529236412220184,False,min
test_2014,sharp_24h_MEANGBH_max,0.018950798632904105,False,max
test_2014,sharp_24h_MEANGBH_delta,0.0032057204733655417,False,delta
test_2014,sharp_24h_MEANJZD_last,0.0008626978042434445,False,last
test_2014,sharp_24h_MEANJZD_mean,0.005908716308127798,False,mean
test_2014,sharp_24h_MEANJZD_std,0.0008185978666406512,False,std
test_2014,sharp_24h_MEANJZD_min,0.003160829132240611,False,min
test_2014,sharp_24h_MEANJZD_max,0.005781867017509506,False,max
test_2014,sharp_24h_MEANJZD_delta,0.00037943802189097634,False,delta
test_2014,sharp_24h_TOTUSJZ_last,0.04640527871650781,False,last
test_2014,sharp_24h_TOTUSJZ_mean,0.033406886212520026,False,mean
test_2014,sharp_24h_TOTUSJZ_std,0.005651424230260096,False,std
test_2014,sharp_24h_TOTUSJZ_min,0.02789145788433932,False,min
test_2014,sharp_24h_TOTUSJZ_max,0.06522008073656146,False,max
test_2014,sharp_24h_TOTUSJZ_delta,0.005930248729816392,False,delta
test_2014,sharp_24h_MEANALP_last,0.0024181899775309328,False,last
test_2014,sharp_24h_MEANALP_mean,0.003808157446948657,False,mean
test_2014,sharp_24h_MEANALP_std,0.00510516048286216,False,std
test_2014,sharp_24h_MEANALP_min,0.0052601300228873014,False,min
test_2014,sharp_24h_MEANALP_max,0.004269682814015539,False,max
test_2014,sharp_24h_MEANALP_delta,0.0009507929504867114,False,delta
test_2014,sharp_24h_MEANJZH_last,0.002843978233620889,False,last
test_2014,sharp_24h_MEANJZH_mean,0.0037307384928387225,False,mean
test_2014,sharp_24h_MEANJZH_std,0.0026591132199452537,False,std
test_2014,sharp_24h_MEANJZH_min,0.007729762553843401,False,min
test_2014,sharp_24h_MEANJZH_max,0.005148205415366946,False,max
test_2014,sharp_24h_MEANJZH_delta,0.0007784633969473299,False,delta
test_2014,sharp_24h_ABSNJZH_last,0.003225313012167669,False,last
test_2014,sharp_24h_ABSNJZH_mean,0.0034062851726138006,False,mean
test_2014,sharp_24h_ABSNJZH_std,0.02009825425417768,False,std
test_2014,sharp_24h_ABSNJZH_min,0.004380632989420275,False,min
test_2014,sharp_24h_ABSNJZH_max,0.011696124421010807,False,max
test_2014,sharp_24h_ABSNJZH_delta,0.0022595406975825976,False,delta
test_2014,sharp_24h_SAVNCPP_last,0.024491865098243824,False,last
test_2014,sharp_24h_SAVNCPP_mean,0.03964718429954602,False,mean
test_2014,sharp_24h_SAVNCPP_std,0.017503914845703676,False,std
test_2014,sharp_24h_SAVNCPP_min,0.008823448798909507,False,min
test_2014,sharp_24h_SAVNCPP_max,0.0641098077997214,False,max
test_2014,sharp_24h_SAVNCPP_delta,0.0036233207911879183,False,delta
test_2014,sharp_24h_MEANSHR_last,0.006782465219573856,False,last
test_2014,sharp_24h_MEANSHR_mean,0.004932470194146049,False,mean
test_2014,sharp_24h_MEANSHR_std,0.0008731340176174368,False,std
test_2014,sharp_24h_MEANSHR_min,0.003605137178610261,False,min
test_2014,sharp_24h_MEANSHR_max,0.010921043527311224,False,max
test_2014,sharp_24h_MEANSHR_delta,0.002206384191561036,False,delta
test_2014,sharp_24h_SHRGT45_last,0.00941154713536162,False,last
test_2014,sharp_24h_SHRGT45_mean,0.008907005160801257,False,mean
test_2014,sharp_24h_SHRGT45_std,0.000776186217523051,False,std
test_2014,sharp_24h_SHRGT45_min,0.0040724994363286835,False,min
test_2014,sharp_24h_SHRGT45_max,0.007607470049551097,False,max
test_2014,sharp_24h_SHRGT45_delta,0.0037305846064825824,False,delta
test_2014,sharp_24h_R_VALUE_last,0.0708389579952742,False,last
test_2014,sharp_24h_R_VALUE_mean,0.025383333130954956,False,mean
test_2014,sharp_24h_R_VALUE_std,0.0026905189293619848,False,std
test_2014,sharp_24h_R_VALUE_min,0.0260242351857023,False,min
test_2014,sharp_24h_R_VALUE_max,0.07452392802947438,False,max
test_2014,sharp_24h_R_VALUE_delta,0.0013765909835795269,False,delta
test_2014,sharp_24h_USFLUX_last,0.025483387578735483,False,last
test_2014,sharp_24h_USFLUX_mean,0.007813909128830818,False,mean
test_2014,sharp_24h_USFLUX_std,0.003873843734283559,False,std
test_2014,sharp_24h_USFLUX_min,0.0034970113383655465,False,min
test_2014,sharp_24h_USFLUX_max,0.013122935063027032,False,max
test_2014,sharp_24h_USFLUX_delta,0.004632573202298907,False,delta
test_2014,sharp_24h_TOTPOT_last,0.03268873551947754,False,last
test_2014,sharp_24h_TOTPOT_mean,0.006860691158548432,False,mean
test_2014,sharp_24h_TOTPOT_std,0.009097561178874631,False,std
test_2014,sharp_24h_TOTPOT_min,0.0037179694955504685,False,min
test_2014,sharp_24h_TOTPOT_max,0.066491902871954,False,max
test_2014,sharp_24h_TOTPOT_delta,0.00935534295709189,False,delta
test_2014,sharp_24h_history_count,0.0,True,count
test_2015,sharp_24h_MEANGBZ_last,0.0013625870881309927,False,last
test_2015,sharp_24h_MEANGBZ_mean,0.0050105316447933024,False,mean
test_2015,sharp_24h_MEANGBZ_std,0.0008715660958716264,False,std
test_2015,sharp_24h_MEANGBZ_min,0.0022911705368019166,False,min
test_2015,sharp_24h_MEANGBZ_max,0.0024934548852336928,False,max
test_2015,sharp_24h_MEANGBZ_delta,0.0005620674230901328,False,delta
test_2015,sharp_24h_MEANGAM_last,0.0021457720360437116,False,last
test_2015,sharp_24h_MEANGAM_mean,0.0013699510812142431,False,mean
test_2015,sharp_24h_MEANGAM_std,0.0029016192599586235,False,std
test_2015,sharp_24h_MEANGAM_min,0.0015267029933524045,False,min
test_2015,sharp_24h_MEANGAM_max,0.0032304776783762712,False,max
test_2015,sharp_24h_MEANGAM_delta,0.002880415938114701,False,delta
test_2015,sharp_24h_MEANGBT_last,0.0013415949853165356,False,last
test_2015,sharp_24h_MEANGBT_mean,0.004486269464234258,False,mean
test_2015,sharp_24h_MEANGBT_std,0.0017262298647989767,False,std
test_2015,sharp_24h_MEANGBT_min,0.0025970165354324277,False,min
test_2015,sharp_24h_MEANGBT_max,0.002037446941851935,False,max
test_2015,sharp_24h_MEANGBT_delta,0.000971639722766097,False,delta
test_2015,sharp_24h_MEANGBH_last,0.005069307144292356,False,last
test_2015,sharp_24h_MEANGBH_mean,0.009264330112011495,False,mean
test_2015,sharp_24h_MEANGBH_std,0.0024987780185781136,False,std
test_2015,sharp_24h_MEANGBH_min,0.006754797621261674,False,min
test_2015,sharp_24h_MEANGBH_max,0.01550946458722668,False,max
test_2015,sharp_24h_MEANGBH_delta,0.00105565751418774,False,delta
test_2015,sharp_24h_MEANJZD_last,0.0009353958760386936,False,last
test_2015,sharp_24h_MEANJZD_mean,0.00598894602704639,False,mean
test_2015,sharp_24h_MEANJZD_std,0.007532326471188431,False,std
test_2015,sharp_24h_MEANJZD_min,0.0024032115444030644,False,min
test_2015,sharp_24h_MEANJZD_max,0.0054079651879932016,False,max
test_2015,sharp_24h_MEANJZD_delta,0.00023449687102152742,False,delta
test_2015,sharp_24h_TOTUSJZ_last,0.041151616071176775,False,last
test_2015,sharp_24h_TOTUSJZ_mean,0.035540824415024395,False,mean
test_2015,sharp_24h_TOTUSJZ_std,0.010269411384384173,False,std
test_2015,sharp_24h_TOTUSJZ_min,0.024849288448475247,False,min
test_2015,sharp_24h_TOTUSJZ_max,0.038924183586216306,False,max
test_2015,sharp_24h_TOTUSJZ_delta,0.0055347245509786884,False,delta
test_2015,sharp_24h_MEANALP_last,0.0018389925375689542,False,last
test_2015,sharp_24h_MEANALP_mean,0.0027819361570434542,False,mean
test_2015,sharp_24h_MEANALP_std,0.0014020915098661973,False,std
test_2015,sharp_24h_MEANALP_min,0.002585367761497094,False,min
test_2015,sharp_24h_MEANALP_max,0.004044634939853769,False,max
test_2015,sharp_24h_MEANALP_delta,0.0009570298050566528,False,delta
test_2015,sharp_24h_MEANJZH_last,0.003386884415532976,False,last
test_2015,sharp_24h_MEANJZH_mean,0.004619750185259535,False,mean
test_2015,sharp_24h_MEANJZH_std,0.0031042160968080164,False,std
test_2015,sharp_24h_MEANJZH_min,0.006147623779612339,False,min
test_2015,sharp_24h_MEANJZH_max,0.004345376396617148,False,max
test_2015,sharp_24h_MEANJZH_delta,0.000972945541362161,False,delta
test_2015,sharp_24h_ABSNJZH_last,0.0038620595134623925,False,last
test_2015,sharp_24h_ABSNJZH_mean,0.004261183118491835,False,mean
test_2015,sharp_24h_ABSNJZH_std,0.028703077755161868,False,std
test_2015,sharp_24h_ABSNJZH_min,0.002776503966346565,False,min
test_2015,sharp_24h_ABSNJZH_max,0.012435231042544084,False,max
test_2015,sharp_24h_ABSNJZH_delta,0.001943518870339401,False,delta
test_2015,sharp_24h_SAVNCPP_last,0.018159418754506447,False,last
test_2015,sharp_24h_SAVNCPP_mean,0.044210095900970664,False,mean
test_2015,sharp_24h_SAVNCPP_std,0.01773206171331981,False,std
test_2015,sharp_24h_SAVNCPP_min,0.010538991258462693,False,min
test_2015,sharp_24h_SAVNCPP_max,0.046557726859494025,False,max
test_2015,sharp_24h_SAVNCPP_delta,0.0030149787598139554,False,delta
test_2015,sharp_24h_MEANSHR_last,0.001459241879761216,False,last
test_2015,sharp_24h_MEANSHR_mean,0.0015421538544345371,False,mean
test_2015,sharp_24h_MEANSHR_std,0.0017963084135049752,False,std
test_2015,sharp_24h_MEANSHR_min,0.0035417533656611697,False,min
test_2015,sharp_24h_MEANSHR_max,0.0054717135166626775,False,max
test_2015,sharp_24h_MEANSHR_delta,0.003028388543945247,False,delta
test_2015,sharp_24h_SHRGT45_last,0.0010877857282804522,False,last
test_2015,sharp_24h_SHRGT45_mean,0.004032427081875784,False,mean
test_2015,sharp_24h_SHRGT45_std,0.002581090220848078,False,std
test_2015,sharp_24h_SHRGT45_min,0.0015432564882883258,False,min
test_2015,sharp_24h_SHRGT45_max,0.0024976913935466985,False,max
test_2015,sharp_24h_SHRGT45_delta,0.0028764941125582863,False,delta
test_2015,sharp_24h_R_VALUE_last,0.09400700287046652,False,last
test_2015,sharp_24h_R_VALUE_mean,0.053332573640195606,False,mean
test_2015,sharp_24h_R_VALUE_std,0.004305014839892826,False,std
test_2015,sharp_24h_R_VALUE_min,0.057803281092304495,False,min
test_2015,sharp_24h_R_VALUE_max,0.08946508001135464,False,max
test_2015,sharp_24h_R_VALUE_delta,0.0031577172671610827,False,delta
test_2015,sharp_24h_USFLUX_last,0.030717614741061865,False,last
test_2015,sharp_24h_USFLUX_mean,0.007775541147186235,False,mean
test_2015,sharp_24h_USFLUX_std,0.003856692042702928,False,std
test_2015,sharp_24h_USFLUX_min,0.007327825253723429,False,min
test_2015,sharp_24h_USFLUX_max,0.02498952689831098,False,max
test_2015,sharp_24h_USFLUX_delta,0.004603058486613405,False,delta
test_2015,sharp_24h_TOTPOT_last,0.00576768511906564,False,last
test_2015,sharp_24h_TOTPOT_mean,0.006213593088079186,False,mean
test_2015,sharp_24h_TOTPOT_std,0.018233205365949336,False,std
test_2015,sharp_24h_TOTPOT_min,0.0024157546859828725,False,min
test_2015,sharp_24h_TOTPOT_max,0.05845297738150831,False,max
test_2015,sharp_24h_TOTPOT_delta,0.0070046152231942604,False,delta
test_2015,sharp_24h_history_count,0.0,True,count
