experiment,modality,goes_usage,solar_cycle_scope,feature_view,model_name,fold_id,train_years,val_years,test_years,n_features,train_rows,val_rows,test_rows,train_positives,val_positives,test_positives,selected_threshold,diagnostic_test_best_threshold,diagnostic_test_best_tss,val_roc_auc,val_pr_auc,val_brier,val_threshold,val_accuracy,val_precision,val_recall,val_specificity,val_f1,val_tss,val_hss,val_tp,val_tn,val_fp,val_fn,test_roc_auc,test_pr_auc,test_brier,test_threshold,test_accuracy,test_precision,test_recall,test_specificity,test_f1,test_tss,test_hss,test_tp,test_tn,test_fp,test_fn
sharp_temporal_baseline_from_fusion_manifest,SHARP_only,label_lineage_only_no_goes_input_features,Solar_Cycle_24_only_2010_2015,snapshot_available_preferred,logistic_regression_balanced,test_2013,"2010,2011",2012,2013,15,14448,10815,13066,433,305,492,0.1375,0.1825,0.7219378353319081,0.8486958556253997,0.3016117258696411,0.1075365974155425,0.1375,0.6878409616273694,0.07477153143173636,0.8852459016393442,0.6821122740247384,0.13789581205311544,0.5673581756640826,0.09059765876116439,270,7169,3341,35,0.9264395429464078,0.3704553426643156,0.08305527646744652,0.1375,0.7233277208020817,0.11830848203373258,0.983739837398374,0.713138221727374,0.21121536111717215,0.696878059125748,0.1543675556477133,484,8967,3607,8
sharp_temporal_baseline_from_fusion_manifest,SHARP_only,label_lineage_only_no_goes_input_features,Solar_Cycle_24_only_2010_2015,snapshot_available_preferred,random_forest_balanced,test_2013,"2010,2011",2012,2013,15,14448,10815,13066,433,305,492,0.10250000000000001,0.1,0.7064933318332707,0.8288264104443854,0.13582563589032273,0.03712556073783835,0.10250000000000001,0.8466944059177068,0.12353923205342238,0.7278688524590164,0.8501427212178877,0.21122740247383445,0.5780115736769043,0.17126666592719125,222,8935,1575,83,0.9215657130923146,0.4439865294714154,0.031022498537722692,0.10250000000000001,0.869279044849227,0.20078740157480315,0.8292682926829268,0.8708445999681883,0.3232963549920761,0.7001128926511151,0.2796197797379239,408,10950,1624,84
sharp_temporal_baseline_from_fusion_manifest,SHARP_only,label_lineage_only_no_goes_input_features,Solar_Cycle_24_only_2010_2015,snapshot_available_preferred,logistic_regression_balanced,test_2014,"2010,2011,2012",2013,2014,15,25263,13066,11627,738,492,629,0.4275,0.58,0.5673226899760067,0.9179080978816786,0.385170218510062,0.11491634166158497,0.4275,0.7992499617327414,0.14328757951121526,0.8699186991869918,0.7964848099252425,0.24604771486059213,0.6664035091122344,0.19392735295281185,428,10015,2559,64,0.8538823795394509,0.4539408672221659,0.12933319537209695,0.4275,0.7831770878128494,0.16736990154711673,0.7567567567567568,0.784688125113657,0.2741145983299741,0.5414448818704138,0.20354832057837743,476,8630,2368,153
sharp_temporal_baseline_from_fusion_manifest,SHARP_only,label_lineage_only_no_goes_input_features,Solar_Cycle_24_only_2010_2015,snapshot_available_preferred,random_forest_balanced,test_2014,"2010,2011,2012",2013,2014,15,25263,13066,11627,738,492,629,0.1525,0.0975,0.6487538852995676,0.9187470338199485,0.4175141857015797,0.036325970425914886,0.1525,0.8636154905862544,0.19604147031102734,0.8455284552845529,0.8643232066168284,0.3182861514919663,0.7098516619013813,0.2738955163018225,416,10868,1706,76,0.8944037664313008,0.3479832088430056,0.04933360128890211,0.1525,0.8526705082996474,0.23088381330685204,0.739268680445151,0.85915621022004,0.3518728717366629,0.598424890665191,0.29363515372040744,465,9449,1549,164
sharp_temporal_baseline_from_fusion_manifest,SHARP_only,label_lineage_only_no_goes_input_features,Solar_Cycle_24_only_2010_2015,snapshot_available_preferred,logistic_regression_balanced,test_2015,"2010,2011,2012,2013",2014,2015,15,38329,11627,11236,1230,629,531,0.4975,0.5425,0.8094045850408711,0.9102410873374578,0.45298695493102215,0.12026725703571767,0.4975,0.8395974886041111,0.23269896193771628,0.8553259141494436,0.8386979450809238,0.365861951717103,0.6940238592303674,0.3069104126056114,538,9224,1774,91,0.9586985682632417,0.6251982924147732,0.08081239436643615,0.4975,0.894001423994304,0.29679802955665024,0.9077212806026366,0.8933208780943485,0.44733178654292344,0.8010421586969851,0.40494729575827926,482,9563,1142,49
sharp_temporal_baseline_from_fusion_manifest,SHARP_only,label_lineage_only_no_goes_input_features,Solar_Cycle_24_only_2010_2015,snapshot_available_preferred,random_forest_balanced,test_2015,"2010,2011,2012,2013",2014,2015,15,38329,11627,11236,1230,629,531,0.075,0.17250000000000001,0.7983218852446758,0.8962252422828142,0.3185506083147949,0.05423886222738066,0.075,0.7708781284940225,0.18213058419243985,0.9268680445151033,0.7619567194035279,0.3044386422976501,0.6888247639186313,0.2352877276608318,583,8380,2618,46,0.949179018551797,0.5121330041807284,0.03462901947741192,0.075,0.8398896404414382,0.21922054915854738,0.9322033898305084,0.8353106025221859,0.3549659376120473,0.7675139923526944,0.3015163372819325,495,8942,1763,36
sharp_temporal_baseline_from_fusion_manifest,SHARP_only,label_lineage_only_no_goes_input_features,Solar_Cycle_24_only_2010_2015,snapshot_plus_optional,logistic_regression_balanced,test_2013,"2010,2011",2012,2013,17,14448,10815,13066,433,305,492,0.1125,0.1775,0.7421644353233734,0.8458735630391041,0.3074897223508077,0.0984717397208653,0.1125,0.6954230235783634,0.07385229540918163,0.8491803278688524,0.6909609895337774,0.13588667366211962,0.5401413174026297,0.08859351746887945,259,7262,3248,46,0.9278254845137921,0.36526641400655907,0.07569301213537112,0.1125,0.7243992040410225,0.11852760736196319,0.9817073170731707,0.7143311595355496,0.21151740748850448,0.6960384766087202,0.15471703794334374,483,8982,3592,9
sharp_temporal_baseline_from_fusion_manifest,SHARP_only,label_lineage_only_no_goes_input_features,Solar_Cycle_24_only_2010_2015,snapshot_plus_optional,random_forest_balanced,test_2013,"2010,2011",2012,2013,17,14448,10815,13066,433,305,492,0.0375,0.075,0.7434149186409948,0.8192040367487637,0.12012456052526424,0.038359438523730555,0.0375,0.7664355062413315,0.08794063079777366,0.7770491803278688,0.766127497621313,0.158,0.543176677949182,0.11305978205288456,237,8052,2458,68,0.9252617189166962,0.4133057455480653,0.030995030075189226,0.0375,0.7876167151385275,0.14383775351014041,0.9369918699186992,0.7817719102910768,0.2493913984311604,0.7187637802097759,0.19696300096196603,461,9830,2744,31
sharp_temporal_baseline_from_fusion_manifest,SHARP_only,label_lineage_only_no_goes_input_features,Solar_Cycle_24_only_2010_2015,snapshot_plus_optional,logistic_regression_balanced,test_2014,"2010,2011,2012",2013,2014,17,25263,13066,11627,738,492,629,0.4425,0.6,0.5889684813339382,0.9242773835802619,0.38619508706924616,0.10851768773184527,0.4425,0.8262666462574622,0.16120426829268292,0.8597560975609756,0.8249562589470336,0.27150192554557123,0.6847123565080091,0.22217297761124358,423,10373,2201,69,0.8299041797164451,0.46707337248507097,0.11777526240984419,0.4425,0.8223101401909348,0.19874213836477989,0.753577106518283,0.8262411347517731,0.31453218314532183,0.5798182412700561,0.2503496502623563,474,9087,1911,155
sharp_temporal_baseline_from_fusion_manifest,SHARP_only,label_lineage_only_no_goes_input_features,Solar_Cycle_24_only_2010_2015,snapshot_plus_optional,random_forest_balanced,test_2014,"2010,2011,2012",2013,2014,17,25263,13066,11627,738,492,629,0.13,0.10250000000000001,0.5172611236441025,0.9292564441271898,0.4232930659713195,0.032202128870667805,0.13,0.8796112046532987,0.218928757150286,0.8556910569105691,0.8805471608080165,0.3486542443064182,0.7362382177185856,0.30710307726093294,421,11072,1502,71,0.8430627363668663,0.34538583600956974,0.046940471785534746,0.13,0.8792465812333362,0.2508038585209003,0.6200317965023847,0.8940716493907983,0.35714285714285715,0.514103445893183,0.30348662283488226,390,9833,1165,239
sharp_temporal_baseline_from_fusion_manifest,SHARP_only,label_lineage_only_no_goes_input_features,Solar_Cycle_24_only_2010_2015,snapshot_plus_optional,logistic_regression_balanced,test_2015,"2010,2011,2012,2013",2014,2015,17,38329,11627,11236,1230,629,531,0.5025000000000001,0.4625,0.8138212690797813,0.8678980800382553,0.4762396761380314,0.11226837857163038,0.5025000000000001,0.8610991657349273,0.25151209677419356,0.7933227344992051,0.8649754500818331,0.3819364714887103,0.6582981845810383,0.326617089848089,499,9513,1485,130,0.9594307533572412,0.625146720271539,0.07207951534705868,0.5025000000000001,0.911000355998576,0.33497536945812806,0.896421845574388,0.9117234936945353,0.48770491803278687,0.8081453392689233,0.44985132374016884,476,9760,945,55
sharp_temporal_baseline_from_fusion_manifest,SHARP_only,label_lineage_only_no_goes_input_features,Solar_Cycle_24_only_2010_2015,snapshot_plus_optional,random_forest_balanced,test_2015,"2010,2011,2012,2013",2014,2015,17,38329,11627,11236,1230,629,531,0.10250000000000001,0.1925,0.7628130192431684,0.8444763479181501,0.3332283030495796,0.05109057962058673,0.10250000000000001,0.8555087296809151,0.21973333333333334,0.6550079491255962,0.8669758137843244,0.329073482428115,0.5219837629099207,0.269924438777604,412,9535,1463,217,0.940933404053758,0.5257711513144379,0.03306928068509168,0.10250000000000001,0.891064435742257,0.2846488502175264,0.8625235404896422,0.8924801494628678,0.4280373831775701,0.7550036899525101,0.38428141263617643,458,9554,1151,73
sharp_temporal_baseline_from_fusion_manifest,SHARP_only,label_lineage_only_no_goes_input_features,Solar_Cycle_24_only_2010_2015,temporal_6h_available_preferred,logistic_regression_balanced,test_2013,"2010,2011",2012,2013,91,13197,9807,11951,405,259,451,0.0525,0.15,0.7222223079147789,0.8433968261157202,0.28075346213643476,0.09081807028079783,0.0525,0.7323340471092077,0.07659269863994274,0.8262548262548263,0.7297863426895685,0.14018997707173272,0.5560411689443949,0.09651696095096005,214,6968,2580,45,0.9226150583244963,0.3357501514378064,0.06900668587712351,0.0525,0.7630323822274286,0.13176616145994433,0.9445676274944568,0.7559130434782608,0.23127035830618892,0.7004806709727176,0.17674174299155285,426,8693,2807,25
sharp_temporal_baseline_from_fusion_manifest,SHARP_only,label_lineage_only_no_goes_input_features,Solar_Cycle_24_only_2010_2015,temporal_6h_available_preferred,random_forest_balanced,test_2013,"2010,2011",2012,2013,91,13197,9807,11951,405,259,451,0.045,0.11750000000000001,0.7523971849995181,0.8180801170432507,0.13187604997621868,0.03483038896594982,0.045,0.7795452228000408,0.08755960121369745,0.7799227799227799,0.7795349811478843,0.15744349181605613,0.5594577610706644,0.11543731645605108,202,7443,2105,57,0.9390383688421865,0.4906260708718805,0.028622191473383535,0.045,0.8037821102836583,0.15362106803218728,0.9312638580931264,0.7987826086956522,0.26373626373626374,0.7300464667887785,0.21273106054359942,420,9186,2314,31
sharp_temporal_baseline_from_fusion_manifest,SHARP_only,label_lineage_only_no_goes_input_features,Solar_Cycle_24_only_2010_2015,temporal_6h_available_preferred,logistic_regression_balanced,test_2014,"2010,2011,2012",2013,2014,91,23004,11951,10786,664,451,578,0.3375,0.44,0.5737124556627005,0.8874624505928853,0.3309275058048181,0.11268323870307624,0.3375,0.7539118065433855,0.11879975505205144,0.8603104212860311,0.7497391304347826,0.20877051385525963,0.6100495517208135,0.1525714610170934,388,8622,2878,63,0.8670209808983523,0.44156514354706233,0.12072247347012065,0.3375,0.7522714630076024,0.15376984126984128,0.8044982698961938,0.749314263322884,0.25818989450305385,0.5538125332190778,0.1848439226927192,465,7649,2559,113
sharp_temporal_baseline_from_fusion_manifest,SHARP_only,label_lineage_only_no_goes_input_features,Solar_Cycle_24_only_2010_2015,temporal_6h_available_preferred,random_forest_balanced,test_2014,"2010,2011,2012",2013,2014,91,23004,11951,10786,664,451,578,0.075,0.04,0.6614989532600797,0.9276595006266268,0.44304593288954613,0.03435058838831345,0.075,0.8125679859425989,0.1566218809980806,0.9046563192904656,0.8089565217391305,0.2670157068062827,0.7136128410295961,0.2166155837495983,408,9303,2197,43,0.8911542171958217,0.35405611290188016,0.04758684982627018,0.075,0.8074355646208048,0.19244973327862125,0.8114186851211073,0.8072100313479624,0.3111111111111111,0.6186287164690696,0.24577281369608564,469,8240,1968,109
sharp_temporal_baseline_from_fusion_manifest,SHARP_only,label_lineage_only_no_goes_input_features,Solar_Cycle_24_only_2010_2015,temporal_6h_available_preferred,logistic_regression_balanced,test_2015,"2010,2011,2012,2013",2014,2015,91,34955,10786,10338,1115,578,481,0.3825,0.48,0.8009361309554066,0.9112257432938138,0.46232413394147664,0.11279118947854556,0.3825,0.7993695531244206,0.19755911517925248,0.8961937716262975,0.7938871473354232,0.32375,0.6900809189617207,0.25864631391879245,518,8104,2104,60,0.953728757827368,0.5754652025415616,0.07386983185007863,0.3825,0.8582898046043722,0.23689839572192514,0.920997920997921,0.8552297859389266,0.376860910250957,0.7762277069368477,0.3270517537380978,443,8430,1427,38
sharp_temporal_baseline_from_fusion_manifest,SHARP_only,label_lineage_only_no_goes_input_features,Solar_Cycle_24_only_2010_2015,temporal_6h_available_preferred,random_forest_balanced,test_2015,"2010,2011,2012,2013",2014,2015,91,34955,10786,10338,1115,578,481,0.03,0.0825,0.8030092273776965,0.881592885287067,0.3319975994443697,0.053816185575764224,0.03,0.7036899684776562,0.14525745257452574,0.9273356401384083,0.6910266457680251,0.2511715089034677,0.6183622859064335,0.17469775676740995,536,7054,3154,42,0.9500050303540208,0.4688351763830648,0.036756532830613094,0.03,0.789417682337009,0.17658276125095346,0.9625779625779626,0.7809678401136249,0.2984208830164357,0.7435458026915875,0.23854772816085829,463,7698,2159,18
sharp_temporal_baseline_from_fusion_manifest,SHARP_only,label_lineage_only_no_goes_input_features,Solar_Cycle_24_only_2010_2015,temporal_12h_available_preferred,logistic_regression_balanced,test_2013,"2010,2011",2012,2013,91,11570,8470,10487,361,200,392,0.005,0.0325,0.6724499903973475,0.8292363966142684,0.17245044002407062,0.07663458326929748,0.005,0.6377804014167651,0.0546583850931677,0.88,0.6319226118500605,0.10292397660818714,0.5119226118500606,0.061180516918719334,176,5226,3044,24,0.9029290616692442,0.36804708584608176,0.06507963983131627,0.005,0.6716887575092972,0.09759957794777104,0.9438775510204082,0.6611193660227835,0.17690652641644752,0.6049969170431917,0.11708616439618,370,6674,3421,22
sharp_temporal_baseline_from_fusion_manifest,SHARP_only,label_lineage_only_no_goes_input_features,Solar_Cycle_24_only_2010_2015,temporal_12h_available_preferred,random_forest_balanced,test_2013,"2010,2011",2012,2013,91,11570,8470,10487,361,200,392,0.04,0.10250000000000001,0.7803026857102426,0.7956363361547762,0.14416068056689824,0.03203455688332509,0.04,0.7743801652892562,0.07711319822046465,0.78,0.7742442563482467,0.14035087719298245,0.5542442563482468,0.10174693014998659,156,6403,1867,44,0.9488793957404656,0.5570650834420888,0.02667950273655652,0.04,0.7938399923715076,0.14769108280254778,0.9464285714285714,0.7879148093115403,0.25550964187327824,0.7343433807401119,0.2040364629044783,371,7954,2141,21
sharp_temporal_baseline_from_fusion_manifest,SHARP_only,label_lineage_only_no_goes_input_features,Solar_Cycle_24_only_2010_2015,temporal_12h_available_preferred,logistic_regression_balanced,test_2014,"2010,2011,2012",2013,2014,91,20040,10487,9664,561,392,507,0.34,0.335,0.5870860265984637,0.8837224934550342,0.34579386775092047,0.10762171563327316,0.34,0.7906932392485935,0.13158970167552106,0.8214285714285714,0.7894997523526498,0.2268404367735118,0.6109283237812213,0.1735892449759273,322,7970,2125,70,0.8766701582454138,0.4003730532774255,0.11683286344280609,0.34,0.7854925496688742,0.17073170731707318,0.8007889546351085,0.7846456262968221,0.28145580589254765,0.5854345809319306,0.2134281568574115,406,7185,1972,101
sharp_temporal_baseline_from_fusion_manifest,SHARP_only,label_lineage_only_no_goes_input_features,Solar_Cycle_24_only_2010_2015,temporal_12h_available_preferred,random_forest_balanced,test_2014,"2010,2011,2012",2013,2014,91,20040,10487,9664,561,392,507,0.085,0.0425,0.6606814415804596,0.9402150236023087,0.47425424320449083,0.032208685593765454,0.085,0.8357013445217889,0.17865765330758088,0.9438775510204082,0.8315007429420506,0.30044660982541616,0.7753782939624587,0.2535223661320748,370,8394,1701,22,0.8987083527998003,0.36554022618662674,0.04564500444705837,0.085,0.8229511589403974,0.20079522862823063,0.796844181459566,0.8243966364529868,0.3207622072250893,0.6212408179125528,0.2586301454376023,404,7549,1608,103
sharp_temporal_baseline_from_fusion_manifest,SHARP_only,label_lineage_only_no_goes_input_features,Solar_Cycle_24_only_2010_2015,temporal_12h_available_preferred,logistic_regression_balanced,test_2015,"2010,2011,2012,2013",2014,2015,91,30527,9664,9174,953,507,424,0.3725,0.3525,0.7577433962264151,0.8927876389927278,0.44870153138578733,0.10801947005949582,0.3725,0.8066018211920529,0.18904109589041096,0.8165680473372781,0.8060500163809108,0.30700778642936594,0.6226180637181888,0.24246513086275354,414,7381,1776,93,0.9393743935309973,0.456648398273125,0.06986548839122125,0.3725,0.8654894266405058,0.24104859335038364,0.8891509433962265,0.8643428571428572,0.37927565392354123,0.7534938005390837,0.33059620474418805,377,7563,1187,47
sharp_temporal_baseline_from_fusion_manifest,SHARP_only,label_lineage_only_no_goes_input_features,Solar_Cycle_24_only_2010_2015,temporal_12h_available_preferred,random_forest_balanced,test_2015,"2010,2011,2012,2013",2014,2015,91,30527,9664,9174,953,507,424,0.0375,0.0625,0.8011309973045821,0.8860358174376034,0.316145566736086,0.052148219609842374,0.0375,0.7540355960264901,0.16463414634146342,0.9053254437869822,0.7456590586436606,0.2786039453717754,0.6509845024306427,0.20831788200710177,459,6828,2329,48,0.9490444743935309,0.43852104332496283,0.036034153261723954,0.0375,0.8304992369740571,0.2074495602690119,0.9457547169811321,0.8249142857142857,0.34026304624522696,0.7706690026954179,0.28614806273879806,401,7218,1532,23
sharp_temporal_baseline_from_fusion_manifest,SHARP_only,label_lineage_only_no_goes_input_features,Solar_Cycle_24_only_2010_2015,temporal_24h_available_preferred,logistic_regression_balanced,test_2013,"2010,2011",2012,2013,91,8240,5442,7113,245,72,265,0.0025,0.0025,0.5578408790336802,0.8472092902958825,0.08667703327301934,0.044761433438004074,0.0025,0.8022785740536568,0.03944954128440367,0.5972222222222222,0.8050279329608938,0.07401032702237521,0.40225015518311613,0.050441050269806394,43,4323,1047,29,0.8935328866161171,0.46693498618932605,0.04661690321565478,0.0025,0.8187825108955433,0.1379066478076379,0.7358490566037735,0.8219918224299065,0.23228111971411555,0.5578408790336802,0.18088041362574975,195,5629,1219,70
sharp_temporal_baseline_from_fusion_manifest,SHARP_only,label_lineage_only_no_goes_input_features,Solar_Cycle_24_only_2010_2015,temporal_24h_available_preferred,random_forest_balanced,test_2013,"2010,2011",2012,2013,91,8240,5442,7113,245,72,265,0.165,0.0925,0.8357967069299947,0.8596847196358369,0.2648212371372307,0.015270081098381407,0.165,0.9193311282616685,0.11850311850311851,0.7916666666666666,0.9210428305400372,0.20614828209764918,0.7127094972067038,0.1874468141551384,57,4946,424,15,0.9683736333979898,0.5931488304477722,0.02311398045407378,0.165,0.9316743989877688,0.33383458646616543,0.8377358490566038,0.9353095794392523,0.4774193548387097,0.7730454284958561,0.448009465656656,222,6405,443,43
sharp_temporal_baseline_from_fusion_manifest,SHARP_only,label_lineage_only_no_goes_input_features,Solar_Cycle_24_only_2010_2015,temporal_24h_available_preferred,logistic_regression_balanced,test_2014,"2010,2011,2012",2013,2014,91,13682,7113,5957,317,265,194,0.0175,0.0525,0.5162519163308057,0.8824804928584024,0.39718498403313846,0.05898266164765019,0.0175,0.752425137072965,0.11836734693877551,0.8754716981132076,0.7476635514018691,0.20853932584269663,0.6231352495150766,0.15294085426158696,232,5120,1728,33,0.809644175159344,0.2927552652722883,0.06681057805529772,0.0175,0.724693637737116,0.08304498269896193,0.7422680412371134,0.724102030192608,0.14937759336099585,0.4663700714297214,0.09644789861624313,144,4173,1590,50
sharp_temporal_baseline_from_fusion_manifest,SHARP_only,label_lineage_only_no_goes_input_features,Solar_Cycle_24_only_2010_2015,temporal_24h_available_preferred,random_forest_balanced,test_2014,"2010,2011,2012",2013,2014,91,13682,7113,5957,317,265,194,0.08750000000000001,0.0125,0.604463955092118,0.9639263908481748,0.5205074219936723,0.025587667969827713,0.08750000000000001,0.9111486011528188,0.28883774453394706,0.9471698113207547,0.9097546728971962,0.4426807760141093,0.8569244842179509,0.40893124146349547,251,6230,618,14,0.8480915402380274,0.2390146659345615,0.034103429373476137,0.08750000000000001,0.8845056236360584,0.14613180515759314,0.5257731958762887,0.8965816415061599,0.22869955156950672,0.4223548373824486,0.18727696011358724,102,5167,596,92
sharp_temporal_baseline_from_fusion_manifest,SHARP_only,label_lineage_only_no_goes_input_features,Solar_Cycle_24_only_2010_2015,temporal_24h_available_preferred,logistic_regression_balanced,test_2015,"2010,2011,2012,2013",2014,2015,91,20795,5957,5738,582,194,278,0.2925,0.17250000000000001,0.6359962579387042,0.8733236018611441,0.24067934226606225,0.07208642911617953,0.2925,0.8633540372670807,0.15246636771300448,0.7010309278350515,0.8688183237896928,0.2504604051565378,0.5698492516247442,0.2080949097580581,136,5007,756,58,0.8924420902838168,0.31864209582501396,0.054194432270638186,0.2925,0.9086789822237713,0.30537974683544306,0.6942446043165468,0.9195970695970695,0.42417582417582417,0.6138416739136163,0.3826291716048744,193,5021,439,85
sharp_temporal_baseline_from_fusion_manifest,SHARP_only,label_lineage_only_no_goes_input_features,Solar_Cycle_24_only_2010_2015,temporal_24h_available_preferred,random_forest_balanced,test_2015,"2010,2011,2012,2013",2014,2015,91,20795,5957,5738,582,194,278,0.0175,0.0275,0.750811658365615,0.8582308755999435,0.16906494102829414,0.04488693791084967,0.0175,0.7446701359744838,0.10340705319784818,0.8917525773195877,0.7397188964081207,0.18532404927691484,0.6314714737277085,0.13482790082114318,173,4263,1500,21,0.9345386328299996,0.3672380413408542,0.037647968108170685,0.0175,0.8131753224119902,0.1955521472392638,0.9172661870503597,0.8078754578754579,0.3223767383059418,0.7251416449258175,0.26355679239201907,255,4411,1049,23
