block_id,status,n_targets,n_saved_this_run,elapsed_minutes,message,n_pending_at_start
2025_HARP12506_20250101_0836_20250102_0724,already_complete,15,0,0.0,all_samples_already_in_gcp,
2025_HARP12506_20250102_0900_20250103_0724,already_complete,15,0,0.0,all_samples_already_in_gcp,
2025_HARP12506_20250103_0900_20250104_0724,already_complete,15,0,0.0,all_samples_already_in_gcp,
2025_HARP12535_20250104_0800_20250105_0624,already_complete,15,0,0.0,all_samples_already_in_gcp,
2025_HARP12540_20250104_1512_20250105_1336,already_complete,15,0,0.0,all_samples_already_in_gcp,
2025_HARP12515_20250105_0924_20250106_0748,already_complete,15,0,0.0,all_samples_already_in_gcp,
2025_HARP12535_20250106_0800_20250106_1736,already_complete,7,0,0.0,all_samples_already_in_gcp,
2025_HARP12515_20250106_2036_20250107_1724,already_complete,14,0,0.0,all_samples_already_in_gcp,
2025_HARP12540_20250107_1336_20250107_2324,already_complete,7,0,0.0,all_samples_already_in_gcp,
2025_HARP12537_20250107_2300_20250108_0036,already_complete,2,0,0.0,all_samples_already_in_gcp,
2025_HARP12535_20250108_0812_20250108_1300,already_complete,4,0,0.0,all_samples_already_in_gcp,
2025_HARP12546_20250108_1912_20250109_1736,already_complete,15,0,0.0,all_samples_already_in_gcp,
2025_HARP12546_20250109_1912_20250110_1624,already_complete,14,0,0.0,all_samples_already_in_gcp,
2025_HARP12567_20250110_1612_20250111_0500,already_complete,9,0,0.0,all_samples_already_in_gcp,
2025_HARP12546_20250111_1024_20250111_1512,already_complete,4,0,0.0,all_samples_already_in_gcp,
2025_HARP12567_20250112_1124_20250113_0636,already_complete,13,0,0.0,all_samples_already_in_gcp,
2025_HARP12572_20250113_1036_20250114_0548,already_complete,13,0,0.0,all_samples_already_in_gcp,
2025_HARP12567_20250114_0924_20250115_0300,already_complete,12,0,0.0,all_samples_already_in_gcp,
2025_HARP12572_20250114_1112_20250115_0624,already_complete,13,0,0.0,all_samples_already_in_gcp,
2025_HARP12598_20250115_1000_20250115_1312,already_complete,3,0,0.0,all_samples_already_in_gcp,
2025_HARP12597_20250115_2112_20250116_0512,already_complete,6,0,0.0,all_samples_already_in_gcp,
2025_HARP12611_20250116_1000_20250116_1624,already_complete,5,0,0.0,all_samples_already_in_gcp,
2025_HARP12572_20250116_1900_20250116_1900,already_complete,1,0,0.0,all_samples_already_in_gcp,
2025_HARP12572_20250116_2224_20250117_0000,already_complete,2,0,0.0,all_samples_already_in_gcp,
2025_HARP12598_20250117_1036_20250118_0548,already_complete,13,0,0.0,all_samples_already_in_gcp,
2025_HARP12576_20250118_0924_20250118_1248,already_complete,3,0,0.0,all_samples_already_in_gcp,
2025_HARP12579_20250119_0924_20250120_0624,already_complete,14,0,0.0,all_samples_already_in_gcp,
2025_HARP12579_20250120_1048_20250121_0112,already_complete,10,0,0.0,all_samples_already_in_gcp,
2025_HARP12589_20250121_1048_20250122_0612,error,13,0,,DrmsExportError('Expecting value: line 1 column 1 (char 0) [status=4]'),
2025_HARP12600_20250122_1000_20250122_1624,error,5,0,,DrmsExportError('Expecting value: line 1 column 1 (char 0) [status=4]'),
2025_HARP12600_20250123_0112_20250123_0424,error,3,0,,DrmsExportError('Expecting value: line 1 column 1 (char 0) [status=4]'),
2025_HARP12643_20250123_1636_20250124_0524,already_complete,9,0,0.0,all_samples_already_in_gcp,
2025_HARP12600_20250124_1936_20250124_1936,already_complete,1,0,0.0,all_samples_already_in_gcp,
2025_HARP12660_20250126_1000_20250126_1624,already_complete,5,0,0.0,all_samples_already_in_gcp,
2025_HARP12643_20250127_1112_20250128_0136,already_complete,10,0,0.0,all_samples_already_in_gcp,
2025_HARP12657_20250129_1712_20250130_0424,already_complete,8,0,0.0,all_samples_already_in_gcp,
2025_HARP12657_20250201_1012_20250202_0612,already_complete,13,0,0.0,all_samples_already_in_gcp,
2025_HARP12657_20250202_1000_20250202_1624,already_complete,5,0,0.0,all_samples_already_in_gcp,
2025_HARP12667_20250203_1124_20250204_0636,already_complete,13,0,0.0,all_samples_already_in_gcp,
2025_HARP12679_20250204_1048_20250205_0424,already_complete,12,0,0.0,all_samples_already_in_gcp,
2025_HARP12701_20250205_0900_20250206_0424,already_complete,13,0,0.0,all_samples_already_in_gcp,
2025_HARP12701_20250206_0736_20250206_1712,already_complete,7,0,0.0,all_samples_already_in_gcp,
2025_HARP12708_20250207_1412_20250208_1236,already_complete,15,0,0.0,all_samples_already_in_gcp,
2025_HARP12703_20250208_2048_20250209_1248,already_complete,11,0,0.0,all_samples_already_in_gcp,
2025_HARP12713_20250209_2300_20250210_2124,already_complete,15,0,0.0,all_samples_already_in_gcp,
2025_HARP12708_20250211_1100_20250211_1900,already_complete,6,0,0.0,all_samples_already_in_gcp,
2025_HARP12752_20250212_1300_20250213_1148,already_complete,15,0,0.0,all_samples_already_in_gcp,
2025_HARP12732_20250213_1636_20250214_1500,already_complete,15,0,0.0,all_samples_already_in_gcp,
2025_HARP12733_20250214_0948_20250215_0812,already_complete,15,0,0.0,all_samples_already_in_gcp,
2025_HARP12733_20250215_0948_20250216_0812,already_complete,15,0,0.0,all_samples_already_in_gcp,
2025_HARP12752_20250216_1324_20250216_1500,already_complete,2,0,0.0,all_samples_already_in_gcp,
2025_HARP12755_20250217_0324_20250218_0148,already_complete,15,0,0.0,all_samples_already_in_gcp,
2025_HARP12733_20250218_0948_20250219_0012,already_complete,10,0,0.0,all_samples_already_in_gcp,
2025_HARP12755_20250220_0512_20250220_1624,error,8,0,,DrmsExportError('Expecting value: line 1 column 1 (char 0) [status=4]'),
2025_HARP12768_20250220_2324_20250221_2148,already_complete,15,0,0.0,all_samples_already_in_gcp,
2025_HARP12807_20250222_0748_20250222_0924,already_complete,2,0,0.0,all_samples_already_in_gcp,
2025_HARP12807_20250223_1236_20250224_1100,already_complete,15,0,0.0,all_samples_already_in_gcp,
2025_HARP12807_20250224_2348_20250225_2212,already_complete,15,0,0.0,all_samples_already_in_gcp,
2025_HARP12807_20250225_2348_20250226_0436,already_complete,4,0,0.0,all_samples_already_in_gcp,
2025_HARP12810_20250226_2112_20250227_0200,already_complete,4,0,0.0,all_samples_already_in_gcp,
2025_HARP12806_20250227_1912_20250228_0136,already_complete,5,0,0.0,all_samples_already_in_gcp,
2025_HARP12810_20250228_1636_20250301_1500,already_complete,15,0,0.0,all_samples_already_in_gcp,
2025_HARP12810_20250301_1636_20250301_1812,already_complete,2,0,0.0,all_samples_already_in_gcp,
2025_HARP12806_20250302_1912_20250303_0448,already_complete,7,0,0.0,all_samples_already_in_gcp,
2025_HARP12853_20250304_2124_20250305_2000,already_complete,15,0,0.0,all_samples_already_in_gcp,
2025_HARP12852_20250306_1036_20250307_0900,already_complete,15,0,0.0,all_samples_already_in_gcp,
2025_HARP12852_20250307_1100_20250307_1100,already_complete,1,0,0.0,all_samples_already_in_gcp,
2025_HARP12873_20250308_1100_20250309_0924,already_complete,15,0,0.0,all_samples_already_in_gcp,
2025_HARP12888_20250309_1100_20250310_0924,already_complete,15,0,0.0,all_samples_already_in_gcp,
2025_HARP12888_20250310_1100_20250311_0924,already_complete,15,0,0.0,all_samples_already_in_gcp,
2025_HARP12873_20250311_1100_20250312_0948,already_complete,15,0,0.0,all_samples_already_in_gcp,
2025_HARP12879_20250312_0736_20250312_1712,already_complete,7,0,0.0,all_samples_already_in_gcp,
2025_HARP12885_20250312_2012_20250313_1836,already_complete,15,0,0.0,all_samples_already_in_gcp,
2025_HARP12888_20250313_1200_20250313_1648,already_complete,4,0,0.0,all_samples_already_in_gcp,
2025_HARP12889_20250314_0836_20250315_0700,already_complete,15,0,0.0,all_samples_already_in_gcp,
2025_HARP12893_20250314_1236_20250315_0924,already_complete,14,0,0.0,all_samples_already_in_gcp,
2025_HARP12885_20250315_0936_20250315_0936,already_complete,1,0,0.0,all_samples_already_in_gcp,
2025_HARP12889_20250316_0836_20250316_2300,already_complete,10,0,0.0,all_samples_already_in_gcp,
2025_HARP12906_20250316_1524_20250317_1348,already_complete,15,0,0.0,all_samples_already_in_gcp,
2025_HARP12933_20250317_1448_20250317_1624,already_complete,2,0,0.0,all_samples_already_in_gcp,
2025_HARP12907_20250317_2200_20250318_0424,already_complete,5,0,0.0,all_samples_already_in_gcp,
2025_HARP12906_20250318_1524_20250319_0248,already_complete,8,0,0.0,all_samples_already_in_gcp,
2025_HARP12923_20250318_2312_20250318_2312,already_complete,1,0,0.0,all_samples_already_in_gcp,
2025_HARP12955_20250319_1312_20250319_1624,already_complete,3,0,0.0,all_samples_already_in_gcp,
2025_HARP12923_20250320_0236_20250321_0100,already_complete,15,0,0.0,all_samples_already_in_gcp,
2025_HARP12923_20250321_0236_20250322_0100,already_complete,15,0,0.0,all_samples_already_in_gcp,
2025_HARP12933_20250322_0224_20250322_0224,already_complete,1,0,0.0,all_samples_already_in_gcp,
2025_HARP12941_20250323_0736_20250324_0424,already_complete,14,0,0.0,all_samples_already_in_gcp,
2025_HARP12958_20250325_0736_20250326_0000,already_complete,11,0,0.0,all_samples_already_in_gcp,
2025_HARP12958_20250326_1500_20250327_1324,already_complete,15,0,0.0,all_samples_already_in_gcp,
2025_HARP12958_20250327_1500_20250328_1324,already_complete,15,0,0.0,all_samples_already_in_gcp,
2025_HARP12962_20250329_0248_20250329_0424,already_complete,2,0,0.0,all_samples_already_in_gcp,
2025_HARP12961_20250330_0212_20250330_1812,error,11,0,,DrmsExportError('Expecting value: line 1 column 1 (char 0) [status=4]'),
2025_HARP13009_20250331_2112_20250401_1624,already_complete,13,0,0.0,all_samples_already_in_gcp,
2025_HARP12993_20250401_2148_20250401_2148,already_complete,1,0,0.0,all_samples_already_in_gcp,
2025_HARP12997_20250402_0400_20250402_1200,already_complete,6,0,0.0,all_samples_already_in_gcp,
2025_HARP13004_20250402_2024_20250402_2336,already_complete,3,0,0.0,all_samples_already_in_gcp,
2025_HARP12993_20250403_0048_20250403_2324,already_complete,15,0,0.0,all_samples_already_in_gcp,
2025_HARP13009_20250403_0736_20250404_0612,already_complete,15,0,0.0,all_samples_already_in_gcp,
2025_HARP13004_20250404_0748_20250405_0612,error,15,0,,DrmsExportError('Expecting value: line 1 column 1 (char 0) [status=4]'),
2025_HARP12997_20250405_0224_20250405_2312,error,14,0,,DrmsExportError('Expecting value: line 1 column 1 (char 0) [status=4]'),
2025_HARP13004_20250406_0748_20250406_2212,already_complete,10,0,0.0,all_samples_already_in_gcp,
2025_HARP13024_20250407_1424_20250407_1600,already_complete,2,0,0.0,all_samples_already_in_gcp,
2025_HARP13053_20250408_1900_20250409_1236,already_complete,12,0,0.0,all_samples_already_in_gcp,
2025_HARP13030_20250409_1900_20250410_1412,already_complete,13,0,0.0,all_samples_already_in_gcp,
2025_HARP13035_20250410_1100_20250411_0924,already_complete,15,0,0.0,all_samples_already_in_gcp,
2025_HARP13036_20250411_2000_20250412_1824,already_complete,15,0,0.0,all_samples_already_in_gcp,
2025_HARP13044_20250413_0124_20250413_1100,already_complete,7,0,0.0,all_samples_already_in_gcp,
2025_HARP13056_20250413_1548_20250414_1412,already_complete,15,0,0.0,all_samples_already_in_gcp,
2025_HARP13056_20250414_1548_20250414_1724,already_complete,2,0,0.0,all_samples_already_in_gcp,
2025_HARP13044_20250415_0300_20250415_1100,already_complete,6,0,0.0,all_samples_already_in_gcp,
2025_HARP13078_20250415_1736_20250415_2236,already_complete,4,0,0.0,all_samples_already_in_gcp,
2025_HARP13102_20250416_0248_20250416_0424,already_complete,2,0,0.0,all_samples_already_in_gcp,
2025_HARP13078_20250416_2324_20250417_0424,already_complete,4,0,0.0,all_samples_already_in_gcp,
2025_HARP13056_20250418_0300_20250418_0300,already_complete,1,0,0.0,all_samples_already_in_gcp,
2025_HARP13102_20250419_0248_20250419_0424,already_complete,2,0,0.0,all_samples_already_in_gcp,
2025_HARP13105_20250420_1700_20250421_1524,already_complete,15,0,0.0,all_samples_already_in_gcp,
2025_HARP13108_20250421_0424_20250421_0424,already_complete,1,0,0.0,all_samples_already_in_gcp,
2025_HARP13104_20250422_0124_20250422_2212,already_complete,14,0,0.0,all_samples_already_in_gcp,
2025_HARP13105_20250422_2012_20250422_2324,error,3,0,,TimeoutError('timed out'),
2025_HARP13091_20250423_0348_20250423_1012,already_complete,5,0,0.0,all_samples_already_in_gcp,
2025_HARP13105_20250424_0124_20250424_2348,already_complete,15,0,0.0,all_samples_already_in_gcp,
2025_HARP13108_20250424_0800_20250425_0624,already_complete,15,0,0.0,all_samples_already_in_gcp,
2025_HARP13123_20250425_0348_20250425_1948,already_complete,11,0,0.0,all_samples_already_in_gcp,
2025_HARP13118_20250425_1936_20250425_1936,already_complete,1,0,0.0,all_samples_already_in_gcp,
2025_HARP13159_20250426_1136_20250426_1624,already_complete,4,0,0.0,all_samples_already_in_gcp,
2025_HARP13159_20250426_1936_20250427_1848,already_complete,15,0,0.0,all_samples_already_in_gcp,
2025_HARP13123_20250427_1236_20250427_1724,already_complete,4,0,0.0,all_samples_already_in_gcp,
2025_HARP13133_20250428_0148_20250428_2136,already_complete,13,0,0.0,all_samples_already_in_gcp,
2025_HARP13123_20250428_0224_20250428_0612,already_complete,3,0,0.0,all_samples_already_in_gcp,
2025_HARP13145_20250428_0824_20250428_1624,already_complete,6,0,0.0,all_samples_already_in_gcp,
2025_HARP13117_20250429_0048_20250429_0712,already_complete,5,0,0.0,all_samples_already_in_gcp,
2025_HARP13159_20250429_0736_20250430_0424,already_complete,14,0,0.0,all_samples_already_in_gcp,
2025_HARP13144_20250429_2048_20250430_0000,already_complete,3,0,0.0,all_samples_already_in_gcp,
2025_HARP13159_20250430_0736_20250430_1848,already_complete,8,0,0.0,all_samples_already_in_gcp,
2025_HARP13144_20250501_0324_20250501_1612,already_complete,9,0,0.0,all_samples_already_in_gcp,
2025_HARP13182_20250502_1836_20250502_2324,already_complete,4,0,0.0,all_samples_already_in_gcp,
2025_HARP13182_20250503_1112_20250504_0636,already_complete,13,0,0.0,all_samples_already_in_gcp,
2025_HARP13171_20250504_1124_20250504_1924,already_complete,6,0,0.0,all_samples_already_in_gcp,
2025_HARP13182_20250505_0736_20250506_0424,already_complete,14,0,0.0,all_samples_already_in_gcp,
2025_HARP13187_20250506_0024_20250506_1624,already_complete,11,0,0.0,all_samples_already_in_gcp,
2025_HARP13182_20250506_2024_20250507_0424,error,6,0,,RuntimeError('Downloaded 94 Å segment does not cover all target timestamps within 180 seconds.'),
2025_HARP13187_20250507_2000_20250508_1824,already_complete,15,0,0.0,all_samples_already_in_gcp,
2025_HARP13203_20250509_1612_20250510_1436,already_complete,15,0,0.0,all_samples_already_in_gcp,
2025_HARP13207_20250510_2324_20250511_2148,already_complete,15,0,0.0,all_samples_already_in_gcp,
2025_HARP13203_20250511_1612_20250512_1436,already_complete,15,0,0.0,all_samples_already_in_gcp,
2025_HARP13207_20250512_2324_20250513_2148,already_complete,15,0,0.0,all_samples_already_in_gcp,
2025_HARP13207_20250513_2324_20250514_1700,already_complete,12,0,0.0,all_samples_already_in_gcp,
2025_HARP13207_20250514_2048_20250515_0000,already_complete,3,0,0.0,all_samples_already_in_gcp,
2025_HARP13232_20250517_0036_20250517_2300,already_complete,15,0,0.0,all_samples_already_in_gcp,
2025_HARP13249_20250518_1448_20250518_1624,already_complete,2,0,0.0,all_samples_already_in_gcp,
2025_HARP13231_20250519_0900_20250519_2148,already_complete,9,0,0.0,all_samples_already_in_gcp,
2025_HARP13249_20250520_0024_20250520_1624,already_complete,11,0,0.0,all_samples_already_in_gcp,
2025_HARP13246_20250520_1424_20250520_1736,already_complete,3,0,0.0,all_samples_already_in_gcp,
2025_HARP13232_20250521_0036_20250521_1012,already_complete,7,0,0.0,all_samples_already_in_gcp,
2025_HARP13245_20250521_2324_20250522_2148,already_complete,15,0,0.0,all_samples_already_in_gcp,
2025_HARP13255_20250523_1024_20250524_0848,already_complete,15,0,0.0,all_samples_already_in_gcp,
2025_HARP13255_20250524_1024_20250525_0848,already_complete,15,0,0.0,all_samples_already_in_gcp,
2025_HARP13255_20250525_1024_20250526_0848,already_complete,15,0,0.0,all_samples_already_in_gcp,
2025_HARP13274_20250526_0724_20250527_0624,already_complete,15,0,0.0,all_samples_already_in_gcp,
2025_HARP13264_20250526_2036_20250527_1624,already_complete,13,0,0.0,all_samples_already_in_gcp,
2025_HARP13255_20250527_1100_20250527_1724,already_complete,5,0,0.0,all_samples_already_in_gcp,
2025_HARP13273_20250528_0548_20250528_1700,already_complete,8,0,0.0,all_samples_already_in_gcp,
2025_HARP13294_20250528_2148_20250529_2012,already_complete,15,0,0.0,all_samples_already_in_gcp,
2025_HARP13294_20250529_2148_20250530_2012,already_complete,15,0,0.0,all_samples_already_in_gcp,
2025_HARP13299_20250531_0236_20250601_0100,already_complete,15,0,0.0,all_samples_already_in_gcp,
2025_HARP13294_20250602_0236_20250602_1036,already_complete,6,0,0.0,all_samples_already_in_gcp,
2025_HARP13306_20250603_0436_20250603_0436,already_complete,1,0,0.0,all_samples_already_in_gcp,
2025_HARP13327_20250605_0100_20250605_2324,already_complete,15,0,0.0,all_samples_already_in_gcp,
2025_HARP13336_20250606_1824_20250607_1648,already_complete,15,0,0.0,all_samples_already_in_gcp,
2025_HARP13340_20250607_1936_20250608_1624,already_complete,14,0,0.0,all_samples_already_in_gcp,
2025_HARP13336_20250608_1824_20250609_1648,already_complete,15,0,0.0,all_samples_already_in_gcp,
2025_HARP13323_20250609_2312_20250610_2136,already_complete,15,0,0.0,all_samples_already_in_gcp,
2025_HARP13347_20250611_1648_20250612_1524,already_complete,15,0,0.0,all_samples_already_in_gcp,
2025_HARP13345_20250612_2336_20250613_0424,already_complete,4,0,0.0,all_samples_already_in_gcp,
2025_HARP13346_20250614_0736_20250615_0424,already_complete,14,0,0.0,all_samples_already_in_gcp,
2025_HARP13346_20250615_0736_20250615_2024,already_complete,9,0,0.0,all_samples_already_in_gcp,
2025_HARP13354_20250616_0712_20250617_0536,already_complete,15,0,0.0,all_samples_already_in_gcp,
2025_HARP13345_20250617_0736_20250617_1224,already_complete,4,0,0.0,all_samples_already_in_gcp,
2025_HARP13403_20250621_2336_20250622_0424,already_complete,4,0,0.0,all_samples_already_in_gcp,
2025_HARP13417_20250623_0536_20250624_0400,already_complete,15,0,0.0,all_samples_already_in_gcp,
2025_HARP13417_20250624_0536_20250625_0400,already_complete,15,0,0.0,all_samples_already_in_gcp,
2025_HARP13417_20250625_0536_20250626_0436,already_complete,15,0,0.0,all_samples_already_in_gcp,
2025_HARP13386_20250625_2136_20250626_1024,error,9,0,,DrmsExportError('Expecting value: line 1 column 1 (char 0) [status=4]'),
2025_HARP13415_20250626_1036_20250627_0924,error,15,0,,DrmsExportError('Expecting value: line 1 column 1 (char 0) [status=4]'),
2025_HARP13424_20250627_1936_20250628_1624,error,14,0,,DrmsExportError('Expecting value: line 1 column 1 (char 0) [status=4]'),
2025_HARP13434_20250628_2036_20250629_1624,error,13,0,,DrmsExportError('Expecting value: line 1 column 1 (char 0) [status=4]'),
2025_HARP13424_20250629_2012_20250630_1836,error,15,0,,DrmsExportError('Expecting value: line 1 column 1 (char 0) [status=4]'),
2025_HARP13449_20250630_1748_20250701_1612,error,15,0,,DrmsExportError('Expecting value: line 1 column 1 (char 0) [status=4]'),
2025_HARP13424_20250630_2012_20250630_2148,error,2,0,,DrmsExportError('Expecting value: line 1 column 1 (char 0) [status=4]'),
2025_HARP13434_20250701_0336_20250701_1136,error,6,0,,TimeoutError('timed out'),
2025_HARP13449_20250701_1748_20250701_1748,error,1,0,,DrmsExportError('Expecting value: line 1 column 1 (char 0) [status=4]'),
2025_HARP13445_20250701_2112_20250701_2112,error,1,0,,DrmsExportError('Expecting value: line 1 column 1 (char 0) [status=4]'),
2025_HARP13432_20250702_0200_20250702_1624,error,10,0,,DrmsExportError('Expecting value: line 1 column 1 (char 0) [status=4]'),
2025_HARP13424_20250702_0548_20250702_0900,error,3,0,,TimeoutError('timed out'),
2025_HARP13449_20250702_2124_20250702_2124,error,1,0,,DrmsExportError('Expecting value: line 1 column 1 (char 0) [status=4]'),
2025_HARP13436_20250703_0400_20250703_2000,error,11,0,,DrmsExportError('Expecting value: line 1 column 1 (char 0) [status=4]'),
2025_HARP13436_20250703_2312_20250704_2136,error,15,0,,TimeoutError('timed out'),
2025_HARP13446_20250704_0736_20250705_0424,error,14,0,,DrmsExportError('Expecting value: line 1 column 1 (char 0) [status=4]'),
2025_HARP13436_20250705_2312_20250706_0712,error,6,0,,DrmsExportError('Expecting value: line 1 column 1 (char 0) [status=4]'),
2025_HARP13446_20250707_0248_20250707_0424,error,2,0,,DrmsExportError('Expecting value: line 1 column 1 (char 0) [status=4]'),
2025_HARP13483_20250709_0436_20250709_1548,error,8,0,,DrmsExportError('Expecting value: line 1 column 1 (char 0) [status=4]'),
2025_HARP13492_20250711_0100_20250711_0548,error,4,0,,TimeoutError('timed out'),
2025_HARP13476_20250711_1900_20250712_0612,error,8,0,,DrmsExportError('Expecting value: line 1 column 1 (char 0) [status=4]'),
2025_HARP13470_20250712_1036_20250712_2324,error,9,0,,DrmsExportError('Expecting value: line 1 column 1 (char 0) [status=4]'),
2025_HARP13476_20250713_0924_20250714_0612,error,14,0,,DrmsExportError('Expecting value: line 1 column 1 (char 0) [status=4]'),
2025_HARP13470_20250714_1036_20250715_0548,error,13,0,,DrmsExportError('Expecting value: line 1 column 1 (char 0) [status=4]'),
2025_HARP13493_20250715_0912_20250716_0624,error,14,0,,DrmsExportError('Expecting value: line 1 column 1 (char 0) [status=4]'),
2025_HARP13476_20250717_0312_20250717_0312,error,1,0,,DrmsExportError('Expecting value: line 1 column 1 (char 0) [status=4]'),
2025_HARP13506_20250718_0924_20250719_0612,error,14,0,,DrmsExportError('Expecting value: line 1 column 1 (char 0) [status=4]'),
2025_HARP13506_20250719_1024_20250720_0536,error,13,0,,DrmsExportError('Expecting value: line 1 column 1 (char 0) [status=4]'),
2025_HARP13517_20250719_1324_20250720_0524,error,11,0,,DrmsExportError('Expecting value: line 1 column 1 (char 0) [status=4]'),
2025_HARP13507_20250720_1036_20250721_0548,error,13,0,,DrmsExportError('Expecting value: line 1 column 1 (char 0) [status=4]'),
2025_HARP13517_20250720_1600_20250721_0624,error,10,0,,DrmsExportError('Expecting value: line 1 column 1 (char 0) [status=4]'),
2025_HARP13517_20250721_1036_20250722_0548,error,13,0,,DrmsExportError('Expecting value: line 1 column 1 (char 0) [status=4]'),
2025_HARP13506_20250722_1012_20250722_1624,error,4,0,,DrmsExportError('Expecting value: line 1 column 1 (char 0) [status=4]'),
2025_HARP13522_20250723_1124_20250723_1436,error,3,0,,DrmsExportError('Expecting value: line 1 column 1 (char 0) [status=4]'),
2025_HARP13522_20250724_1036_20250725_0112,error,10,0,,DrmsExportError('Expecting value: line 1 column 1 (char 0) [status=4]'),
2025_HARP13524_20250725_0500_20250725_0500,error,1,0,,DrmsExportError('Expecting value: line 1 column 1 (char 0) [status=4]'),
2025_HARP13524_20250725_0912_20250726_0424,error,13,0,,DrmsExportError('Expecting value: line 1 column 1 (char 0) [status=4]'),
2025_HARP13542_20250726_0924_20250727_0612,error,14,0,,DrmsExportError('Expecting value: line 1 column 1 (char 0) [status=4]'),
2025_HARP13543_20250726_1300_20250726_1300,error,1,0,,DrmsExportError('Expecting value: line 1 column 1 (char 0) [status=4]'),
2025_HARP13524_20250727_0524_20250727_0524,error,1,0,,DrmsExportError('Expecting value: line 1 column 1 (char 0) [status=4]'),
2025_HARP13524_20250727_1112_20250728_0448,error,12,0,,DrmsExportError('Expecting value: line 1 column 1 (char 0) [status=4]'),
2025_HARP13552_20250727_1936_20250728_0512,error,7,0,,DrmsExportError('Expecting value: line 1 column 1 (char 0) [status=4]'),
2025_HARP13543_20250728_1012_20250728_1148,error,2,0,,TimeoutError('timed out'),
2025_HARP13524_20250728_1524_20250728_1836,error,3,0,,DrmsExportError('Expecting value: line 1 column 1 (char 0) [status=4]'),
2025_HARP13568_20250728_1624_20250728_1624,error,1,0,,DrmsExportError('Expecting value: line 1 column 1 (char 0) [status=4]'),
2025_HARP13543_20250728_2300_20250729_0212,error,3,0,,DrmsExportError('Expecting value: line 1 column 1 (char 0) [status=4]'),
2025_HARP13552_20250729_1112_20250729_1736,error,5,0,,DrmsExportError('Expecting value: line 1 column 1 (char 0) [status=4]'),
2025_HARP13552_20250729_2112_20250730_0512,error,6,0,,DrmsExportError('Expecting value: line 1 column 1 (char 0) [status=4]'),
2025_HARP13548_20250730_0912_20250731_0500,error,13,0,,DrmsExportError('Expecting value: line 1 column 1 (char 0) [status=4]'),
2025_HARP13568_20250730_1148_20250730_1148,error,1,0,,DrmsExportError('Expecting value: line 1 column 1 (char 0) [status=4]'),
2025_HARP13581_20250731_0924_20250801_0612,error,14,0,,DrmsExportError('Expecting value: line 1 column 1 (char 0) [status=4]'),
2025_HARP13567_20250801_0524_20250801_0524,error,1,0,,DrmsExportError('Expecting value: line 1 column 1 (char 0) [status=4]'),
2025_HARP13567_20250802_1000_20250802_1624,error,5,0,,DrmsExportError('Expecting value: line 1 column 1 (char 0) [status=4]'),
2025_HARP13574_20250803_1036_20250804_0548,error,13,0,,DrmsExportError('Expecting value: line 1 column 1 (char 0) [status=4]'),
2025_HARP13574_20250804_1600_20250805_0624,error,10,0,,DrmsExportError('Expecting value: line 1 column 1 (char 0) [status=4]'),
2025_HARP13574_20250806_0836_20250807_0748,error,15,0,,DrmsExportError('Expecting value: line 1 column 1 (char 0) [status=4]'),
2025_HARP13610_20250807_1248_20250807_1600,error,3,0,,DrmsExportError('Expecting value: line 1 column 1 (char 0) [status=4]'),
2025_HARP13606_20250808_1612_20250809_1436,error,15,0,,DrmsExportError('Expecting value: line 1 column 1 (char 0) [status=4]'),
2025_HARP13597_20250809_1424_20250810_0136,error,8,0,,DrmsExportError('Expecting value: line 1 column 1 (char 0) [status=4]'),
2025_HARP13606_20250810_0836_20250811_0700,error,15,0,,DrmsExportError('Expecting value: line 1 column 1 (char 0) [status=4]'),
2025_HARP13597_20250811_1936_20250812_1624,error,14,0,,DrmsExportError('Expecting value: line 1 column 1 (char 0) [status=4]'),
2025_HARP13636_20250812_1036_20250813_0900,error,15,0,,DrmsExportError('Expecting value: line 1 column 1 (char 0) [status=4]'),
2025_HARP13597_20250813_2000_20250814_0848,error,9,0,,DrmsExportError('Expecting value: line 1 column 1 (char 0) [status=4]'),
2025_HARP13649_20250814_1600_20250814_1736,error,2,0,,DrmsExportError('Expecting value: line 1 column 1 (char 0) [status=4]'),
2025_HARP13612_20250815_1824_20250815_1824,error,1,0,,DrmsExportError('Expecting value: line 1 column 1 (char 0) [status=4]'),
2025_HARP13641_20250816_2112_20250817_1624,error,13,0,,DrmsExportError('Expecting value: line 1 column 1 (char 0) [status=4]'),
2025_HARP13627_20250818_0236_20250819_0112,error,15,0,,DrmsExportError('Expecting value: line 1 column 1 (char 0) [status=4]'),
2025_HARP13627_20250819_0248_20250819_0424,error,2,0,,DrmsExportError('Expecting value: line 1 column 1 (char 0) [status=4]'),
2025_HARP13663_20250819_2000_20250820_1824,error,15,0,,DrmsExportError('Expecting value: line 1 column 1 (char 0) [status=4]'),
2025_HARP13676_20250821_0512_20250821_1624,error,8,0,,DrmsExportError('Expecting value: line 1 column 1 (char 0) [status=4]'),
2025_HARP13663_20250821_2012_20250822_1836,error,15,0,,DrmsExportError('Expecting value: line 1 column 1 (char 0) [status=4]'),
2025_HARP13662_20250822_1636_20250823_1500,error,15,0,,DrmsExportError('Expecting value: line 1 column 1 (char 0) [status=4]'),
2025_HARP13671_20250823_0524_20250824_0348,error,15,0,,DrmsExportError('Expecting value: line 1 column 1 (char 0) [status=4]'),
2025_HARP13694_20250823_1924_20250824_1748,error,15,0,,DrmsExportError('Expecting value: line 1 column 1 (char 0) [status=4]'),
2025_HARP13673_20250824_1636_20250824_2300,error,5,0,,TimeoutError('timed out'),
2025_HARP13711_20250825_0712_20250826_0536,error,15,0,,DrmsExportError('Expecting value: line 1 column 1 (char 0) [status=4]'),
2025_HARP13694_20250825_1924_20250826_1748,error,15,0,,DrmsExportError('Expecting value: line 1 column 1 (char 0) [status=4]'),
2025_HARP13662_20250826_1636_20250827_0036,error,6,0,,DrmsExportError('Expecting value: line 1 column 1 (char 0) [status=4]'),
2025_HARP13675_20250827_1036_20250828_0924,error,15,0,,DrmsExportError('Expecting value: line 1 column 1 (char 0) [status=4]'),
2025_HARP13675_20250828_1100_20250829_0612,error,13,0,,DrmsExportError('Expecting value: line 1 column 1 (char 0) [status=4]'),
2025_HARP13708_20250829_1624_20250829_1624,error,1,0,,DrmsExportError('Expecting value: line 1 column 1 (char 0) [status=4]'),
2025_HARP13691_20250831_0924_20250901_0836,error,15,0,,DrmsExportError('Expecting value: line 1 column 1 (char 0) [status=4]'),
2025_HARP13722_20250901_2312_20250902_2136,error,15,0,,DrmsExportError('Expecting value: line 1 column 1 (char 0) [status=4]'),
2025_HARP13722_20250902_2312_20250903_2148,error,15,0,,DrmsExportError('Expecting value: line 1 column 1 (char 0) [status=4]'),
2025_HARP13723_20250904_0112_20250904_0424,error,3,0,,DrmsExportError('Expecting value: line 1 column 1 (char 0) [status=4]'),
2025_HARP13726_20250904_2224_20250905_1600,error,12,0,,DrmsExportError('Expecting value: line 1 column 1 (char 0) [status=4]'),
2025_HARP13726_20250905_1912_20250906_1736,error,15,0,,DrmsExportError('Expecting value: line 1 column 1 (char 0) [status=4]'),
2025_HARP13736_20250906_1224_20250907_1124,error,15,0,,DrmsExportError('Expecting value: line 1 column 1 (char 0) [status=4]'),
2025_HARP13736_20250907_1300_20250908_1124,error,15,0,,DrmsExportError('Expecting value: line 1 column 1 (char 0) [status=4]'),
2025_HARP13736_20250908_1300_20250909_1124,error,15,0,,DrmsExportError('Expecting value: line 1 column 1 (char 0) [status=4]'),
2025_HARP13747_20250909_2036_20250910_1724,error,14,0,,TimeoutError('timed out'),
2025_HARP13778_20250914_2348_20250915_2212,error,15,0,,DrmsExportError('Expecting value: line 1 column 1 (char 0) [status=4]'),
2025_HARP13773_20250916_0736_20250916_1848,error,8,0,,DrmsExportError('Expecting value: line 1 column 1 (char 0) [status=4]'),
2025_HARP13768_20250917_0736_20250917_2348,error,11,0,,DrmsExportError('Expecting value: line 1 column 1 (char 0) [status=4]'),
2025_HARP13768_20250918_1948_20250919_1812,error,15,0,,DrmsExportError('Expecting value: line 1 column 1 (char 0) [status=4]'),
2025_HARP13777_20250919_1900_20250920_1724,error,15,0,,DrmsExportError('Expecting value: line 1 column 1 (char 0) [status=4]'),
2025_HARP13784_20250920_1424_20250921_0936,error,13,0,,DrmsExportError('Expecting value: line 1 column 1 (char 0) [status=4]'),
2025_HARP13784_20250921_1248_20250922_1212,error,15,0,,DrmsExportError('Expecting value: line 1 column 1 (char 0) [status=4]'),
2025_HARP13790_20250922_1312_20250922_1624,error,3,0,,DrmsExportError('Expecting value: line 1 column 1 (char 0) [status=4]'),
2025_HARP13790_20250923_2000_20250924_0848,error,9,0,,DrmsExportError('Expecting value: line 1 column 1 (char 0) [status=4]'),
2025_HARP13808_20250925_0300_20250926_0124,error,15,0,,DrmsExportError('Expecting value: line 1 column 1 (char 0) [status=4]'),
2025_HARP13808_20250927_0300_20250928_0124,error,15,0,,DrmsExportError('Expecting value: line 1 column 1 (char 0) [status=4]'),
2025_HARP13835_20250928_0500_20250928_1012,error,4,0,,DrmsExportError('Expecting value: line 1 column 1 (char 0) [status=4]'),
2025_HARP13845_20250928_1936_20250928_2248,error,3,0,,DrmsExportError('Expecting value: line 1 column 1 (char 0) [status=4]'),
2025_HARP13835_20250929_0400_20250930_0224,error,15,0,,DrmsExportError('Expecting value: line 1 column 1 (char 0) [status=4]'),
2025_HARP13845_20251001_0400_20251001_1200,error,6,0,,DrmsExportError('Expecting value: line 1 column 1 (char 0) [status=4]'),
2025_HARP13831_20251001_2012_20251002_1836,error,15,0,,DrmsExportError('Expecting value: line 1 column 1 (char 0) [status=4]'),
2025_HARP13855_20251003_1312_20251003_1624,error,3,0,,DrmsExportError('Expecting value: line 1 column 1 (char 0) [status=4]'),
2025_HARP13831_20251004_0736_20251004_1848,error,8,0,,DrmsExportError('Expecting value: line 1 column 1 (char 0) [status=4]'),
2025_HARP13852_20251005_0800_20251006_0624,error,15,0,,DrmsExportError('Expecting value: line 1 column 1 (char 0) [status=4]'),
2025_HARP13852_20251006_0800_20251007_0624,error,15,0,,DrmsExportError('Expecting value: line 1 column 1 (char 0) [status=4]'),
2025_HARP13859_20251007_0400_20251007_1512,error,8,0,,DrmsExportError('Expecting value: line 1 column 1 (char 0) [status=4]'),
2025_HARP13866_20251007_2000_20251008_0400,error,6,0,,DrmsExportError('Expecting value: line 1 column 1 (char 0) [status=4]'),
2025_HARP13872_20251008_1400_20251008_1400,error,1,0,,DrmsExportError('Expecting value: line 1 column 1 (char 0) [status=4]'),
2025_HARP13866_20251009_1936_20251010_1000,error,10,0,,DrmsExportError('Expecting value: line 1 column 1 (char 0) [status=4]'),
2025_HARP13876_20251010_1812_20251011_0212,error,6,0,,DrmsExportError('Expecting value: line 1 column 1 (char 0) [status=4]'),
2025_HARP13880_20251011_2224_20251012_2048,error,15,0,,TimeoutError('timed out'),
2025_HARP13880_20251012_2224_20251013_1424,error,11,0,,DrmsExportError('Expecting value: line 1 column 1 (char 0) [status=4]'),
2025_HARP13883_20251013_0448_20251013_1424,error,7,0,,DrmsExportError('Expecting value: line 1 column 1 (char 0) [status=4]'),
2025_HARP13887_20251013_2024_20251014_0424,error,6,0,,DrmsExportError('Expecting value: line 1 column 1 (char 0) [status=4]'),
2025_HARP13895_20251014_0400_20251014_1336,error,7,0,,TimeoutError('timed out'),
2025_HARP13883_20251015_0148_20251015_1124,error,7,0,,DrmsExportError('Expecting value: line 1 column 1 (char 0) [status=4]'),
2025_HARP13883_20251015_1824_20251016_0712,error,9,0,,DrmsExportError('Expecting value: line 1 column 1 (char 0) [status=4]'),
2025_HARP13881_20251016_1524_20251016_1524,error,1,0,,DrmsExportError('Expecting value: line 1 column 1 (char 0) [status=4]'),
2025_HARP13909_20251017_1724_20251018_1548,error,15,0,,DrmsExportError('Expecting value: line 1 column 1 (char 0) [status=4]'),
2025_HARP13891_20251018_1912_20251019_1600,error,14,0,,DrmsExportError('Expecting value: line 1 column 1 (char 0) [status=4]'),
2025_HARP13901_20251019_1936_20251020_1624,error,14,0,,DrmsExportError('Expecting value: line 1 column 1 (char 0) [status=4]'),
2025_HARP13901_20251020_1936_20251021_1836,error,15,0,,DrmsExportError('Expecting value: line 1 column 1 (char 0) [status=4]'),
2025_HARP13911_20251021_2136_20251022_2024,error,15,0,,DrmsExportError('Expecting value: line 1 column 1 (char 0) [status=4]'),
2025_HARP13911_20251022_2200_20251023_0424,error,5,0,,DrmsExportError('Expecting value: line 1 column 1 (char 0) [status=4]'),
2025_HARP13911_20251023_0736_20251024_0424,error,14,0,,DrmsExportError('Expecting value: line 1 column 1 (char 0) [status=4]'),
2025_HARP13911_20251024_0736_20251025_0424,error,14,0,,DrmsExportError('Expecting value: line 1 column 1 (char 0) [status=4]'),
2025_HARP13930_20251025_0148_20251026_0012,error,15,0,,DrmsExportError('Expecting value: line 1 column 1 (char 0) [status=4]'),
2025_HARP13955_20251026_0100_20251026_2324,error,15,0,,TimeoutError('timed out'),
2025_HARP13960_20251026_2236_20251027_2100,error,15,0,,DrmsExportError('Expecting value: line 1 column 1 (char 0) [status=4]'),
2025_HARP13976_20251027_0924_20251027_1724,error,6,0,,DrmsExportError('Expecting value: line 1 column 1 (char 0) [status=4]'),
2025_HARP13929_20251028_0048_20251028_1024,error,7,0,,DrmsExportError('Expecting value: line 1 column 1 (char 0) [status=4]'),
2025_HARP13976_20251028_2048_20251028_2048,error,1,0,,DrmsExportError('Expecting value: line 1 column 1 (char 0) [status=4]'),
2025_HARP13955_20251029_0112_20251029_0424,error,3,0,,DrmsExportError('Expecting value: line 1 column 1 (char 0) [status=4]'),
2025_HARP13946_20251030_0436_20251030_2348,error,13,0,,DrmsExportError('Expecting value: line 1 column 1 (char 0) [status=4]'),
2025_HARP13982_20251104_0900_20251104_1836,error,7,0,,DrmsExportError('Expecting value: line 1 column 1 (char 0) [status=4]'),
2025_HARP13982_20251106_2212_20251106_2212,error,1,0,,DrmsExportError('Expecting value: line 1 column 1 (char 0) [status=4]'),
2025_HARP14018_20251108_0936_20251109_0800,error,15,0,,DrmsExportError('Expecting value: line 1 column 1 (char 0) [status=4]'),
2025_HARP14003_20251109_1300_20251110_1124,error,15,0,,DrmsExportError('Expecting value: line 1 column 1 (char 0) [status=4]'),
2025_HARP14003_20251110_1300_20251111_1124,error,15,0,,DrmsExportError('Expecting value: line 1 column 1 (char 0) [status=4]'),
2025_HARP14003_20251111_1300_20251111_2236,error,7,0,,DrmsExportError('Expecting value: line 1 column 1 (char 0) [status=4]'),
2025_HARP14008_20251112_2100_20251113_1924,error,15,0,,DrmsExportError('Expecting value: line 1 column 1 (char 0) [status=4]'),
2025_HARP14009_20251114_1036_20251115_0412,error,12,0,,DrmsExportError('Expecting value: line 1 column 1 (char 0) [status=4]'),
2025_HARP14045_20251115_1336_20251116_1200,error,15,0,,DrmsExportError('Expecting value: line 1 column 1 (char 0) [status=4]'),
2025_HARP14054_20251117_0736_20251118_0248,error,13,0,,DrmsExportError('Expecting value: line 1 column 1 (char 0) [status=4]'),
2025_HARP14054_20251118_0736_20251118_2024,error,9,0,,DrmsExportError('Expecting value: line 1 column 1 (char 0) [status=4]'),
2025_HARP14057_20251121_1900_20251122_1724,error,15,0,,DrmsExportError('Expecting value: line 1 column 1 (char 0) [status=4]'),
2025_HARP14060_20251122_2024_20251123_0248,error,5,0,,DrmsExportError('Expecting value: line 1 column 1 (char 0) [status=4]'),
2025_HARP14063_20251123_1548_20251124_1412,error,15,0,,DrmsExportError('Expecting value: line 1 column 1 (char 0) [status=4]'),
2025_HARP14057_20251124_0912_20251124_1548,error,5,0,,DrmsExportError('Expecting value: line 1 column 1 (char 0) [status=4]'),
2025_HARP14056_20251124_2112_20251125_1624,error,13,0,,DrmsExportError('Expecting value: line 1 column 1 (char 0) [status=4]'),
2025_HARP14060_20251125_1400_20251126_1236,error,15,0,,DrmsExportError('Expecting value: line 1 column 1 (char 0) [status=4]'),
2025_HARP14090_20251126_0700_20251127_0524,error,15,0,,DrmsExportError('Expecting value: line 1 column 1 (char 0) [status=4]'),
2025_HARP14063_20251126_2048_20251127_1912,error,15,0,,DrmsExportError('Expecting value: line 1 column 1 (char 0) [status=4]'),
2025_HARP14063_20251127_2048_20251128_0000,error,3,0,,DrmsExportError('Expecting value: line 1 column 1 (char 0) [status=4]'),
2025_HARP14108_20251129_0024_20251129_1312,error,9,0,,TimeoutError('timed out'),
2025_HARP14073_20251129_1636_20251129_1636,error,1,0,,DrmsExportError('Expecting value: line 1 column 1 (char 0) [status=4]'),
2025_HARP14090_20251130_1636_20251130_1812,error,2,0,,DrmsExportError('Expecting value: line 1 column 1 (char 0) [status=4]'),
2025_HARP14108_20251202_1936_20251203_0712,error,8,0,,DrmsExportError('Expecting value: line 1 column 1 (char 0) [status=4]'),
2025_HARP14111_20251204_0736_20251205_0424,error,14,0,,DrmsExportError('Expecting value: line 1 column 1 (char 0) [status=4]'),
2025_HARP14117_20251205_1236_20251206_1100,error,15,0,,DrmsExportError('Expecting value: line 1 column 1 (char 0) [status=4]'),
2025_HARP14117_20251206_1236_20251207_1100,error,15,0,,DrmsExportError('Expecting value: line 1 column 1 (char 0) [status=4]'),
2025_HARP14138_20251207_1012_20251208_0836,error,15,0,,DrmsExportError('Expecting value: line 1 column 1 (char 0) [status=4]'),
2025_HARP14117_20251207_2348_20251208_2212,error,15,0,,DrmsExportError('Expecting value: line 1 column 1 (char 0) [status=4]'),
2025_HARP14138_20251209_1012_20251210_0836,error,15,0,,DrmsExportError('Expecting value: line 1 column 1 (char 0) [status=4]'),
2025_HARP14138_20251210_1012_20251211_0848,error,15,0,,DrmsExportError('Expecting value: line 1 column 1 (char 0) [status=4]'),
2025_HARP14138_20251211_1024_20251211_2136,error,8,0,,DrmsExportError('Expecting value: line 1 column 1 (char 0) [status=4]'),
2025_HARP14143_20251212_1548_20251213_1412,error,15,0,,DrmsExportError('Expecting value: line 1 column 1 (char 0) [status=4]'),
2025_HARP14172_20251214_0824_20251214_1136,error,3,0,,TimeoutError('timed out'),
2025_HARP14172_20251215_0736_20251215_0736,error,1,0,,DrmsExportError('Expecting value: line 1 column 1 (char 0) [status=4]'),
2025_HARP14165_20251217_0124_20251218_0012,error,15,0,,DrmsExportError('Expecting value: line 1 column 1 (char 0) [status=4]'),
2025_HARP14183_20251219_0236_20251220_0100,error,15,0,,DrmsExportError('Expecting value: line 1 column 1 (char 0) [status=4]'),
2025_HARP14183_20251221_0236_20251222_0100,error,15,0,,DrmsExportError('Expecting value: line 1 column 1 (char 0) [status=4]'),
2025_HARP14183_20251222_0236_20251223_0100,error,15,0,,DrmsExportError('Expecting value: line 1 column 1 (char 0) [status=4]'),
2025_HARP14183_20251223_0236_20251223_1036,error,6,0,,DrmsExportError('Expecting value: line 1 column 1 (char 0) [status=4]'),
2025_HARP14191_20251224_1236_20251225_1100,error,15,0,,DrmsExportError('Expecting value: line 1 column 1 (char 0) [status=4]'),
2025_HARP14200_20251225_1900_20251226_1724,error,15,0,,DrmsExportError('Expecting value: line 1 column 1 (char 0) [status=4]'),
2025_HARP14205_20251226_1736_20251227_1600,error,15,0,,DrmsExportError('Expecting value: line 1 column 1 (char 0) [status=4]'),
2025_HARP14205_20251227_1736_20251228_1600,error,15,0,,DrmsExportError('Expecting value: line 1 column 1 (char 0) [status=4]'),
2025_HARP14230_20251228_1236_20251229_1100,error,15,0,,DrmsExportError('Expecting value: line 1 column 1 (char 0) [status=4]'),
2025_HARP14205_20251229_1736_20251229_1912,error,2,0,,DrmsExportError('Expecting value: line 1 column 1 (char 0) [status=4]'),
2025_HARP14215_20251230_0936_20251231_0824,error,15,0,,DrmsExportError('Expecting value: line 1 column 1 (char 0) [status=4]'),
2025_HARP14215_20251231_1936_20251231_2248,error,3,0,,DrmsExportError('Expecting value: line 1 column 1 (char 0) [status=4]'),
