block_id,HARPNUM,start,end,n_targets,n_positive,global_block_index,num_shards,shard_index
2025_HARP12492_20250101_0100_20250101_2348,12492,2025-01-01 01:00:00,2025-01-01 23:48:00,15,15,0,2,0
2025_HARP12519_20250101_0124_20250101_0612,12519,2025-01-01 01:24:00,2025-01-01 06:12:00,4,0,2,2,0
2025_HARP12511_20250101_1024_20250101_1648,12511,2025-01-01 10:24:00,2025-01-01 16:48:00,5,0,4,2,0
2025_HARP12492_20250102_0124_20250102_2348,12492,2025-01-02 01:24:00,2025-01-02 23:48:00,15,10,6,2,0
2025_HARP12511_20250102_0912_20250102_0912,12511,2025-01-02 09:12:00,2025-01-02 09:12:00,1,0,8,2,0
2025_HARP12492_20250103_0124_20250103_0300,12492,2025-01-03 01:24:00,2025-01-03 03:00:00,2,0,10,2,0
2025_HARP12511_20250103_1324_20250104_1148,12511,2025-01-03 13:24:00,2025-01-04 11:48:00,15,0,12,2,0
2025_HARP12541_20250104_0712_20250105_0536,12541,2025-01-04 07:12:00,2025-01-05 05:36:00,15,0,14,2,0
2025_HARP12506_20250104_0900_20250105_0724,12506,2025-01-04 09:00:00,2025-01-05 07:24:00,15,0,16,2,0
2025_HARP12511_20250104_1324_20250104_1324,12511,2025-01-04 13:24:00,2025-01-04 13:24:00,1,0,18,2,0
2025_HARP12541_20250105_0712_20250106_0536,12541,2025-01-05 07:12:00,2025-01-06 05:36:00,15,0,20,2,0
2025_HARP12506_20250105_0900_20250105_2012,12506,2025-01-05 09:00:00,2025-01-05 20:12:00,8,0,22,2,0
2025_HARP12540_20250105_1512_20250106_1024,12540,2025-01-05 15:12:00,2025-01-06 10:24:00,13,0,24,2,0
2025_HARP12541_20250106_0712_20250106_1024,12541,2025-01-06 07:12:00,2025-01-06 10:24:00,3,0,26,2,0
2025_HARP12515_20250106_0924_20250106_1724,12515,2025-01-06 09:24:00,2025-01-06 17:24:00,6,0,28,2,0
2025_HARP12541_20250106_1336_20250106_2000,12541,2025-01-06 13:36:00,2025-01-06 20:00:00,5,0,30,2,0
2025_HARP12532_20250106_2048_20250107_1924,12532,2025-01-06 20:48:00,2025-01-07 19:24:00,15,12,32,2,0
2025_HARP12546_20250107_0224_20250107_2324,12546,2025-01-07 02:24:00,2025-01-07 23:24:00,14,0,34,2,0
2025_HARP12515_20250107_2048_20250108_0000,12515,2025-01-07 20:48:00,2025-01-08 00:00:00,3,0,36,2,0
2025_HARP12535_20250107_2100_20250108_0012,12535,2025-01-07 21:00:00,2025-01-08 00:12:00,3,0,38,2,0
2025_HARP12537_20250108_0700_20250108_1324,12537,2025-01-08 07:00:00,2025-01-08 13:24:00,5,0,40,2,0
2025_HARP12532_20250108_0812_20250108_1300,12532,2025-01-08 08:12:00,2025-01-08 13:00:00,4,4,42,2,0
2025_HARP12540_20250108_0900_20250108_1212,12540,2025-01-08 09:00:00,2025-01-08 12:12:00,3,0,44,2,0
2025_HARP12540_20250108_1912_20250109_0800,12540,2025-01-08 19:12:00,2025-01-09 08:00:00,9,0,46,2,0
2025_HARP12532_20250108_2000_20250109_1824,12532,2025-01-08 20:00:00,2025-01-09 18:24:00,15,3,48,2,0
2025_HARP12537_20250109_0736_20250109_1848,12537,2025-01-09 07:36:00,2025-01-09 18:48:00,8,0,50,2,0
2025_HARP12532_20250109_2000_20250110_0912,12532,2025-01-09 20:00:00,2025-01-10 09:12:00,9,0,52,2,0
2025_HARP12537_20250110_0800_20250111_0448,12537,2025-01-10 08:00:00,2025-01-11 04:48:00,14,0,54,2,0
2025_HARP12546_20250110_1936_20250111_0648,12546,2025-01-10 19:36:00,2025-01-11 06:48:00,8,0,56,2,0
2025_HARP12567_20250111_1012_20250111_1500,12567,2025-01-11 10:12:00,2025-01-11 15:00:00,4,0,58,2,0
2025_HARP12537_20250111_2200_20250112_0424,12537,2025-01-11 22:00:00,2025-01-12 04:24:00,5,0,60,2,0
2025_HARP12537_20250112_1112_20250112_1112,12537,2025-01-12 11:12:00,2025-01-12 11:12:00,1,0,62,2,0
2025_HARP12572_20250112_1312_20250112_1624,12572,2025-01-12 13:12:00,2025-01-12 16:24:00,3,0,64,2,0
2025_HARP12567_20250113_1024_20250114_0536,12567,2025-01-13 10:24:00,2025-01-14 05:36:00,13,0,66,2,0
2025_HARP12597_20250114_0124_20250114_0436,12597,2025-01-14 01:24:00,2025-01-14 04:36:00,3,0,68,2,0
2025_HARP12598_20250114_0536_20250114_0536,12598,2025-01-14 05:36:00,2025-01-14 05:36:00,1,0,70,2,0
2025_HARP12598_20250114_0924_20250115_0612,12598,2025-01-14 09:24:00,2025-01-15 06:12:00,14,0,72,2,0
2025_HARP12576_20250114_1024_20250115_0048,12576,2025-01-14 10:24:00,2025-01-15 00:48:00,10,0,74,2,0
2025_HARP12597_20250114_1412_20250114_1412,12597,2025-01-14 14:12:00,2025-01-14 14:12:00,1,0,76,2,0
2025_HARP12576_20250115_0924_20250115_1236,12576,2025-01-15 09:24:00,2025-01-15 12:36:00,3,0,78,2,0
2025_HARP12572_20250115_1012_20250115_1324,12572,2025-01-15 10:12:00,2025-01-15 13:24:00,3,0,80,2,0
2025_HARP12572_20250115_2112_20250116_0512,12572,2025-01-15 21:12:00,2025-01-16 05:12:00,6,0,82,2,0
2025_HARP12576_20250115_2200_20250116_0424,12576,2025-01-15 22:00:00,2025-01-16 04:24:00,5,0,84,2,0
2025_HARP12597_20250116_0924_20250116_1548,12597,2025-01-16 09:24:00,2025-01-16 15:48:00,5,5,86,2,0
2025_HARP12576_20250116_1012_20250117_0536,12576,2025-01-16 10:12:00,2025-01-17 05:36:00,13,0,88,2,0
2025_HARP12579_20250116_1836_20250117_0424,12579,2025-01-16 18:36:00,2025-01-17 04:24:00,7,0,90,2,0
2025_HARP12597_20250116_1900_20250116_1900,12597,2025-01-16 19:00:00,2025-01-16 19:00:00,1,1,92,2,0
2025_HARP12598_20250116_2212_20250117_0612,12598,2025-01-16 22:12:00,2025-01-17 06:12:00,6,0,94,2,0
2025_HARP12597_20250116_2224_20250117_0624,12597,2025-01-16 22:24:00,2025-01-17 06:24:00,6,6,96,2,0
2025_HARP12579_20250117_1024_20250118_0536,12579,2025-01-17 10:24:00,2025-01-18 05:36:00,13,0,98,2,0
2025_HARP12597_20250117_1048_20250117_1536,12597,2025-01-17 10:48:00,2025-01-17 15:36:00,4,4,100,2,0
2025_HARP12576_20250117_1936_20250118_0512,12576,2025-01-17 19:36:00,2025-01-18 05:12:00,7,0,102,2,0
2025_HARP12579_20250118_1000_20250118_1624,12579,2025-01-18 10:00:00,2025-01-18 16:24:00,5,0,104,2,0
2025_HARP12579_20250118_1936_20250119_0512,12579,2025-01-18 19:36:00,2025-01-19 05:12:00,7,0,106,2,0
2025_HARP12589_20250119_1124_20250120_0500,12589,2025-01-19 11:24:00,2025-01-20 05:00:00,12,0,108,2,0
2025_HARP12600_20250120_1012_20250121_0536,12600,2025-01-20 10:12:00,2025-01-21 05:36:00,13,0,110,2,0
2025_HARP12589_20250120_1100_20250120_1724,12589,2025-01-20 11:00:00,2025-01-20 17:24:00,5,5,112,2,0
2025_HARP12579_20250121_0436_20250121_0612,12579,2025-01-21 04:36:00,2025-01-21 06:12:00,2,0,114,2,0
2025_HARP12600_20250121_1136_20250121_1624,12600,2025-01-21 11:36:00,2025-01-21 16:24:00,4,0,116,2,0
2025_HARP12623_20250122_0412_20250122_0412,12623,2025-01-22 04:12:00,2025-01-22 04:12:00,1,0,118,2,0
2025_HARP12623_20250122_1024_20250123_0624,12623,2025-01-22 10:24:00,2025-01-23 06:24:00,13,0,120,2,0
2025_HARP12600_20250122_1936_20250122_2112,12600,2025-01-22 19:36:00,2025-01-22 21:12:00,2,0,122,2,0
2025_HARP12589_20250123_0924_20250123_2224,12589,2025-01-23 09:24:00,2025-01-23 22:24:00,9,9,124,2,0
2025_HARP12623_20250123_1048_20250124_0424,12623,2025-01-23 10:48:00,2025-01-24 04:24:00,12,0,126,2,0
2025_HARP12600_20250124_1000_20250124_1624,12600,2025-01-24 10:00:00,2025-01-24 16:24:00,5,0,128,2,0
2025_HARP12643_20250124_1124_20250125_0500,12643,2025-01-24 11:24:00,2025-01-25 05:00:00,12,0,130,2,0
2025_HARP12643_20250125_0912_20250126_0424,12643,2025-01-25 09:12:00,2025-01-26 04:24:00,13,0,132,2,0
2025_HARP12623_20250126_0912_20250126_1224,12623,2025-01-26 09:12:00,2025-01-26 12:24:00,3,0,134,2,0
2025_HARP12643_20250126_1012_20250127_0524,12643,2025-01-26 10:12:00,2025-01-27 05:24:00,13,0,136,2,0
2025_HARP12660_20250127_0924_20250127_1724,12660,2025-01-27 09:24:00,2025-01-27 17:24:00,6,0,138,2,0
2025_HARP12660_20250127_2036_20250128_0612,12660,2025-01-27 20:36:00,2025-01-28 06:12:00,7,0,140,2,0
2025_HARP12660_20250129_1012_20250130_0424,12660,2025-01-29 10:12:00,2025-01-30 04:24:00,12,0,142,2,0
2025_HARP12657_20250130_1012_20250131_0524,12657,2025-01-30 10:12:00,2025-01-31 05:24:00,13,0,144,2,0
2025_HARP12657_20250131_0924_20250201_0612,12657,2025-01-31 09:24:00,2025-02-01 06:12:00,14,0,146,2,0
2025_HARP12679_20250201_1748_20250202_0548,12679,2025-02-01 17:48:00,2025-02-02 05:48:00,8,0,148,2,0
2025_HARP12667_20250202_0912_20250203_0424,12667,2025-02-02 09:12:00,2025-02-03 04:24:00,13,0,150,2,0
2025_HARP12679_20250202_1112_20250203_0624,12679,2025-02-02 11:12:00,2025-02-03 06:24:00,13,0,152,2,0
2025_HARP12679_20250203_1012_20250204_0524,12679,2025-02-03 10:12:00,2025-02-04 05:24:00,13,0,154,2,0
2025_HARP12701_20250204_0124_20250204_0612,12701,2025-02-04 01:24:00,2025-02-04 06:12:00,4,0,156,2,0
2025_HARP12667_20250204_1024_20250205_0924,12667,2025-02-04 10:24:00,2025-02-05 09:24:00,15,0,158,2,0
2025_HARP12701_20250204_1936_20250205_0512,12701,2025-02-04 19:36:00,2025-02-05 05:12:00,7,0,160,2,0
2025_HARP12679_20250205_0812_20250206_0512,12679,2025-02-05 08:12:00,2025-02-06 05:12:00,14,0,162,2,0
2025_HARP12667_20250205_1100_20250205_1724,12667,2025-02-05 11:00:00,2025-02-05 17:24:00,5,0,164,2,0
2025_HARP12703_20250205_2048_20250206_1912,12703,2025-02-05 20:48:00,2025-02-06 19:12:00,15,0,166,2,0
2025_HARP12701_20250206_2024_20250207_0424,12701,2025-02-06 20:24:00,2025-02-07 04:24:00,6,0,168,2,0
2025_HARP12701_20250207_0736_20250208_0424,12701,2025-02-07 07:36:00,2025-02-08 04:24:00,14,0,170,2,0
2025_HARP12703_20250207_2048_20250208_1912,12703,2025-02-07 20:48:00,2025-02-08 19:12:00,15,0,172,2,0
2025_HARP12708_20250208_1412_20250209_1236,12708,2025-02-08 14:12:00,2025-02-09 12:36:00,15,0,174,2,0
2025_HARP12712_20250209_1000_20250209_1624,12712,2025-02-09 10:00:00,2025-02-09 16:24:00,5,0,176,2,0
2025_HARP12712_20250209_1936_20250210_1624,12712,2025-02-09 19:36:00,2025-02-10 16:24:00,14,0,178,2,0
2025_HARP12708_20250210_1100_20250211_0924,12708,2025-02-10 11:00:00,2025-02-11 09:24:00,15,0,180,2,0
2025_HARP12713_20250210_2300_20250211_2124,12713,2025-02-10 23:00:00,2025-02-11 21:24:00,15,0,182,2,0
2025_HARP12712_20250211_1936_20250212_1624,12712,2025-02-11 19:36:00,2025-02-12 16:24:00,14,0,184,2,0
2025_HARP12713_20250211_2300_20250212_2148,12713,2025-02-11 23:00:00,2025-02-12 21:48:00,15,0,186,2,0
2025_HARP12712_20250212_2000_20250213_1824,12712,2025-02-12 20:00:00,2025-02-13 18:24:00,15,0,188,2,0
2025_HARP12752_20250213_1324_20250214_1148,12752,2025-02-13 13:24:00,2025-02-14 11:48:00,15,0,190,2,0
2025_HARP12765_20250213_1948_20250214_1812,12765,2025-02-13 19:48:00,2025-02-14 18:12:00,15,0,192,2,0
2025_HARP12713_20250213_2324_20250214_0548,12713,2025-02-13 23:24:00,2025-02-14 05:48:00,5,0,194,2,0
2025_HARP12752_20250214_1324_20250215_1148,12752,2025-02-14 13:24:00,2025-02-15 11:48:00,15,0,196,2,0
2025_HARP12765_20250214_1948_20250214_2300,12765,2025-02-14 19:48:00,2025-02-14 23:00:00,3,0,198,2,0
2025_HARP12752_20250215_1324_20250216_1148,12752,2025-02-15 13:24:00,2025-02-16 11:48:00,15,0,200,2,0
2025_HARP12733_20250216_0948_20250217_0812,12733,2025-02-16 09:48:00,2025-02-17 08:12:00,15,0,202,2,0
2025_HARP12732_20250216_1812_20250216_2124,12732,2025-02-16 18:12:00,2025-02-16 21:24:00,3,0,204,2,0
2025_HARP12732_20250217_0036_20250217_2300,12732,2025-02-17 00:36:00,2025-02-17 23:00:00,15,0,206,2,0
2025_HARP12733_20250217_0948_20250218_0812,12733,2025-02-17 09:48:00,2025-02-18 08:12:00,15,0,208,2,0
2025_HARP12755_20250218_0324_20250219_0148,12755,2025-02-18 03:24:00,2025-02-19 01:48:00,15,0,210,2,0
2025_HARP12768_20250218_2312_20250219_2148,12768,2025-02-18 23:12:00,2025-02-19 21:48:00,15,0,212,2,0
2025_HARP12768_20250219_2324_20250220_2148,12768,2025-02-19 23:24:00,2025-02-20 21:48:00,15,0,214,2,0
2025_HARP12793_20250220_1624_20250220_1624,12793,2025-02-20 16:24:00,2025-02-20 16:24:00,1,1,216,2,0
2025_HARP12793_20250220_1936_20250221_1624,12793,2025-02-20 19:36:00,2025-02-21 16:24:00,14,12,218,2,0
2025_HARP12755_20250221_1936_20250221_2112,12755,2025-02-21 19:36:00,2025-02-21 21:12:00,2,0,220,2,0
2025_HARP12768_20250221_2324_20250222_2148,12768,2025-02-21 23:24:00,2025-02-22 21:48:00,15,0,222,2,0
2025_HARP12807_20250222_1236_20250223_1100,12807,2025-02-22 12:36:00,2025-02-23 11:00:00,15,0,224,2,0
2025_HARP12768_20250222_2324_20250223_1524,12768,2025-02-22 23:24:00,2025-02-23 15:24:00,11,0,226,2,0
2025_HARP12793_20250223_1936_20250224_1624,12793,2025-02-23 19:36:00,2025-02-24 16:24:00,14,14,228,2,0
2025_HARP12798_20250224_1336_20250225_1200,12798,2025-02-24 13:36:00,2025-02-25 12:00:00,15,0,230,2,0
2025_HARP12810_20250225_0100_20250225_2324,12810,2025-02-25 01:00:00,2025-02-25 23:24:00,15,0,232,2,0
2025_HARP12798_20250225_2000_20250226_0536,12798,2025-02-25 20:00:00,2025-02-26 05:36:00,7,0,234,2,0
2025_HARP12810_20250226_0100_20250226_0412,12810,2025-02-26 01:00:00,2025-02-26 04:12:00,3,0,236,2,0
2025_HARP12798_20250226_2100_20250227_1936,12798,2025-02-26 21:00:00,2025-02-27 19:36:00,14,0,238,2,0
2025_HARP12810_20250227_0512_20250227_1136,12810,2025-02-27 05:12:00,2025-02-27 11:36:00,5,0,240,2,0
2025_HARP12810_20250227_1612_20250228_1500,12810,2025-02-27 16:12:00,2025-02-28 15:00:00,15,0,242,2,0
2025_HARP12798_20250227_2112_20250228_1624,12798,2025-02-27 21:12:00,2025-02-28 16:24:00,13,0,244,2,0
2025_HARP12808_20250228_0500_20250301_0324,12808,2025-02-28 05:00:00,2025-03-01 03:24:00,15,0,246,2,0
2025_HARP12798_20250228_1936_20250301_0200,12798,2025-02-28 19:36:00,2025-03-01 02:00:00,5,0,248,2,0
2025_HARP12808_20250301_0500_20250302_0324,12808,2025-03-01 05:00:00,2025-03-02 03:24:00,15,0,250,2,0
2025_HARP12806_20250302_0448_20250302_1600,12806,2025-03-02 04:48:00,2025-03-02 16:00:00,8,0,252,2,0
2025_HARP12808_20250302_1300_20250303_1124,12808,2025-03-02 13:00:00,2025-03-03 11:24:00,15,0,254,2,0
2025_HARP12808_20250303_1436_20250303_1748,12808,2025-03-03 14:36:00,2025-03-03 17:48:00,3,0,256,2,0
2025_HARP12865_20250303_2136_20250304_2000,12865,2025-03-03 21:36:00,2025-03-04 20:00:00,15,0,258,2,0
2025_HARP12865_20250304_2136_20250305_0048,12865,2025-03-04 21:36:00,2025-03-05 00:48:00,3,0,260,2,0
2025_HARP12853_20250305_2136_20250306_2000,12853,2025-03-05 21:36:00,2025-03-06 20:00:00,15,0,262,2,0
2025_HARP12861_20250306_1136_20250306_1624,12861,2025-03-06 11:36:00,2025-03-06 16:24:00,4,4,264,2,0
2025_HARP12853_20250306_2136_20250307_2000,12853,2025-03-06 21:36:00,2025-03-07 20:00:00,15,0,266,2,0
2025_HARP12861_20250307_1936_20250307_2112,12861,2025-03-07 19:36:00,2025-03-07 21:12:00,2,1,268,2,0
2025_HARP12853_20250308_0100_20250308_2324,12853,2025-03-08 01:00:00,2025-03-08 23:24:00,15,0,270,2,0
2025_HARP12861_20250309_0036_20250309_2300,12861,2025-03-09 00:36:00,2025-03-09 23:00:00,15,0,272,2,0
2025_HARP12873_20250309_1100_20250310_0924,12873,2025-03-09 11:00:00,2025-03-10 09:24:00,15,0,274,2,0
2025_HARP12861_20250310_0036_20250310_1636,12861,2025-03-10 00:36:00,2025-03-10 16:36:00,11,0,276,2,0
2025_HARP12873_20250310_1100_20250311_0924,12873,2025-03-10 11:00:00,2025-03-11 09:24:00,15,0,278,2,0
2025_HARP12861_20250310_1948_20250310_2148,12861,2025-03-10 19:48:00,2025-03-10 21:48:00,2,0,280,2,0
2025_HARP12879_20250311_0400_20250312_0248,12879,2025-03-11 04:00:00,2025-03-12 02:48:00,15,0,282,2,0
2025_HARP12888_20250311_1100_20250312_0948,12888,2025-03-11 11:00:00,2025-03-12 09:48:00,15,0,284,2,0
2025_HARP12879_20250312_0424_20250312_0424,12879,2025-03-12 04:24:00,2025-03-12 04:24:00,1,0,286,2,0
2025_HARP12873_20250312_1124_20250312_2136,12873,2025-03-12 11:24:00,2025-03-12 21:36:00,7,0,288,2,0
2025_HARP12885_20250312_1624_20250312_1624,12885,2025-03-12 16:24:00,2025-03-12 16:24:00,1,0,290,2,0
2025_HARP12879_20250312_2100_20250313_1924,12879,2025-03-12 21:00:00,2025-03-13 19:24:00,15,0,292,2,0
2025_HARP12889_20250313_0800_20250314_0624,12889,2025-03-13 08:00:00,2025-03-14 06:24:00,15,0,294,2,0
2025_HARP12885_20250313_2012_20250314_0412,12885,2025-03-13 20:12:00,2025-03-14 04:12:00,6,0,296,2,0
2025_HARP12869_20250314_0224_20250314_0536,12869,2025-03-14 02:24:00,2025-03-14 05:36:00,3,0,298,2,0
2025_HARP12879_20250314_0848_20250315_0712,12879,2025-03-14 08:48:00,2025-03-15 07:12:00,15,0,300,2,0
2025_HARP12885_20250314_0936_20250315_0800,12885,2025-03-14 09:36:00,2025-03-15 08:00:00,15,0,302,2,0
2025_HARP12906_20250314_1524_20250315_1348,12906,2025-03-14 15:24:00,2025-03-15 13:48:00,15,0,304,2,0
2025_HARP12879_20250315_0848_20250315_1512,12879,2025-03-15 08:48:00,2025-03-15 15:12:00,5,0,306,2,0
2025_HARP12893_20250315_1236_20250316_1100,12893,2025-03-15 12:36:00,2025-03-16 11:00:00,15,0,308,2,0
2025_HARP12906_20250315_1524_20250316_1348,12906,2025-03-15 15:24:00,2025-03-16 13:48:00,15,0,310,2,0
2025_HARP12893_20250316_1236_20250317_1100,12893,2025-03-16 12:36:00,2025-03-17 11:00:00,15,0,312,2,0
2025_HARP12930_20250316_1400_20250317_0424,12930,2025-03-16 14:00:00,2025-03-17 04:24:00,10,0,314,2,0
2025_HARP12889_20250317_0212_20250317_1148,12889,2025-03-17 02:12:00,2025-03-17 11:48:00,7,0,316,2,0
2025_HARP12893_20250317_1236_20250318_1100,12893,2025-03-17 12:36:00,2025-03-18 11:00:00,15,0,318,2,0
2025_HARP12889_20250317_1500_20250318_0212,12889,2025-03-17 15:00:00,2025-03-18 02:12:00,8,0,320,2,0
2025_HARP12933_20250317_1936_20250318_1624,12933,2025-03-17 19:36:00,2025-03-18 16:24:00,14,0,322,2,0
2025_HARP12907_20250318_0736_20250318_2024,12907,2025-03-18 07:36:00,2025-03-18 20:24:00,9,0,324,2,0
2025_HARP12893_20250318_1236_20250318_1724,12893,2025-03-18 12:36:00,2025-03-18 17:24:00,4,0,326,2,0
2025_HARP12933_20250318_1936_20250318_1936,12933,2025-03-18 19:36:00,2025-03-18 19:36:00,1,0,328,2,0
2025_HARP12893_20250318_2036_20250318_2036,12893,2025-03-18 20:36:00,2025-03-18 20:36:00,1,0,330,2,0
2025_HARP12907_20250318_2348_20250319_1724,12907,2025-03-18 23:48:00,2025-03-19 17:24:00,12,2,332,2,0
2025_HARP12923_20250319_0224_20250320_0100,12923,2025-03-19 02:24:00,2025-03-20 01:00:00,15,0,334,2,0
2025_HARP12955_20250319_1948_20250320_1812,12955,2025-03-19 19:48:00,2025-03-20 18:12:00,15,0,336,2,0
2025_HARP12933_20250320_0224_20250321_0048,12933,2025-03-20 02:24:00,2025-03-21 00:48:00,15,0,338,2,0
2025_HARP12955_20250320_1948_20250321_1812,12955,2025-03-20 19:48:00,2025-03-21 18:12:00,15,0,340,2,0
2025_HARP12933_20250321_0224_20250322_0048,12933,2025-03-21 02:24:00,2025-03-22 00:48:00,15,0,342,2,0
2025_HARP12941_20250321_1712_20250322_0424,12941,2025-03-21 17:12:00,2025-03-22 04:24:00,8,0,344,2,0
2025_HARP12907_20250321_2048_20250322_1424,12907,2025-03-21 20:48:00,2025-03-22 14:24:00,12,0,346,2,0
2025_HARP12923_20250322_0236_20250323_0100,12923,2025-03-22 02:36:00,2025-03-23 01:00:00,15,0,348,2,0
2025_HARP12923_20250323_0236_20250323_1212,12923,2025-03-23 02:36:00,2025-03-23 12:12:00,7,0,350,2,0
2025_HARP12941_20250324_0736_20250325_0424,12941,2025-03-24 07:36:00,2025-03-25 04:24:00,14,0,352,2,0
2025_HARP12941_20250325_0736_20250326_0000,12941,2025-03-25 07:36:00,2025-03-26 00:00:00,11,0,354,2,0
2025_HARP12962_20250325_1124_20250326_1012,12962,2025-03-25 11:24:00,2025-03-26 10:12:00,15,0,356,2,0
2025_HARP12962_20250326_1148_20250326_2200,12962,2025-03-26 11:48:00,2025-03-26 22:00:00,7,0,358,2,0
2025_HARP12962_20250327_0112_20250327_0424,12962,2025-03-27 01:12:00,2025-03-27 04:24:00,3,0,360,2,0
2025_HARP12962_20250327_0736_20250328_0424,12962,2025-03-27 07:36:00,2025-03-28 04:24:00,14,0,362,2,0
2025_HARP12961_20250328_0212_20250329_0036,12961,2025-03-28 02:12:00,2025-03-29 00:36:00,15,0,364,2,0
2025_HARP12961_20250329_0212_20250329_0212,12961,2025-03-29 02:12:00,2025-03-29 02:12:00,1,0,366,2,0
2025_HARP12961_20250329_0524_20250329_1812,12961,2025-03-29 05:24:00,2025-03-29 18:12:00,9,0,368,2,0
2025_HARP12961_20250329_2124_20250329_2300,12961,2025-03-29 21:24:00,2025-03-29 23:00:00,2,0,370,2,0
2025_HARP12961_20250330_2300_20250331_1812,12961,2025-03-30 23:00:00,2025-03-31 18:12:00,13,0,372,2,0
2025_HARP13011_20250331_1948_20250401_1636,13011,2025-03-31 19:48:00,2025-04-01 16:36:00,14,0,374,2,0
2025_HARP12961_20250401_0036_20250401_0036,12961,2025-04-01 00:36:00,2025-04-01 00:36:00,1,0,376,2,0
2025_HARP12997_20250401_0924_20250401_1724,12997,2025-04-01 09:24:00,2025-04-01 17:24:00,6,0,378,2,0
2025_HARP12993_20250402_0236_20250402_1212,12993,2025-04-02 02:36:00,2025-04-02 12:12:00,7,0,380,2,0
2025_HARP13011_20250402_0312_20250402_1112,13011,2025-04-02 03:12:00,2025-04-02 11:12:00,6,0,382,2,0
2025_HARP13004_20250402_0924_20250402_1236,13004,2025-04-02 09:24:00,2025-04-02 12:36:00,3,0,384,2,0
2025_HARP12993_20250402_2000_20250402_2000,12993,2025-04-02 20:00:00,2025-04-02 20:00:00,1,0,386,2,0
2025_HARP13009_20250402_2024_20250402_2336,13009,2025-04-02 20:24:00,2025-04-02 23:36:00,3,0,388,2,0
2025_HARP12997_20250403_0036_20250403_2312,12997,2025-04-03 00:36:00,2025-04-03 23:12:00,15,0,390,2,0
2025_HARP13004_20250403_0248_20250403_0424,13004,2025-04-03 02:48:00,2025-04-03 04:24:00,2,0,392,2,0
2025_HARP13004_20250403_0736_20250404_0612,13004,2025-04-03 07:36:00,2025-04-04 06:12:00,15,7,394,2,0
2025_HARP13011_20250403_2048_20250404_1912,13011,2025-04-03 20:48:00,2025-04-04 19:12:00,15,0,396,2,0
2025_HARP12993_20250404_0236_20250404_1348,12993,2025-04-04 02:36:00,2025-04-04 13:48:00,8,0,398,2,0
2025_HARP13009_20250404_0748_20250405_0612,13009,2025-04-04 07:48:00,2025-04-05 06:12:00,15,0,400,2,0
2025_HARP13011_20250404_2048_20250405_0624,13011,2025-04-04 20:48:00,2025-04-05 06:24:00,7,0,402,2,0
2025_HARP13004_20250405_0748_20250406_0612,13004,2025-04-05 07:48:00,2025-04-06 06:12:00,15,8,404,2,0
2025_HARP13024_20250405_1424_20250406_1248,13024,2025-04-05 14:24:00,2025-04-06 12:48:00,15,0,406,2,0
2025_HARP13030_20250406_0936_20250407_0800,13030,2025-04-06 09:36:00,2025-04-07 08:00:00,15,0,408,2,0
2025_HARP13030_20250407_0936_20250407_1600,13030,2025-04-07 09:36:00,2025-04-07 16:00:00,5,0,410,2,0
2025_HARP13024_20250407_1936_20250408_1624,13024,2025-04-07 19:36:00,2025-04-08 16:24:00,14,0,412,2,0
2025_HARP13053_20250408_0548_20250408_1524,13053,2025-04-08 05:48:00,2025-04-08 15:24:00,7,0,414,2,0
2025_HARP13024_20250408_2000_20250408_2312,13024,2025-04-08 20:00:00,2025-04-08 23:12:00,3,0,416,2,0
2025_HARP13030_20250409_0224_20250409_1200,13030,2025-04-09 02:24:00,2025-04-09 12:00:00,7,0,418,2,0
2025_HARP13053_20250409_1936_20250409_2248,13053,2025-04-09 19:36:00,2025-04-09 22:48:00,3,0,420,2,0
2025_HARP13053_20250410_0200_20250410_0824,13053,2025-04-10 02:00:00,2025-04-10 08:24:00,5,0,422,2,0
2025_HARP13036_20250410_2000_20250411_1824,13036,2025-04-10 20:00:00,2025-04-11 18:24:00,15,0,424,2,0
2025_HARP13035_20250411_1100_20250412_0924,13035,2025-04-11 11:00:00,2025-04-12 09:24:00,15,0,426,2,0
2025_HARP13044_20250412_0124_20250412_2348,13044,2025-04-12 01:24:00,2025-04-12 23:48:00,15,0,428,2,0
2025_HARP13036_20250412_2000_20250413_1824,13036,2025-04-12 20:00:00,2025-04-13 18:24:00,15,0,430,2,0
2025_HARP13035_20250413_1100_20250413_1100,13035,2025-04-13 11:00:00,2025-04-13 11:00:00,1,0,432,2,0
2025_HARP13044_20250413_1412_20250414_1236,13044,2025-04-13 14:12:00,2025-04-14 12:36:00,15,0,434,2,0
2025_HARP13036_20250413_2136_20250414_0848,13036,2025-04-13 21:36:00,2025-04-14 08:48:00,8,0,436,2,0
2025_HARP13044_20250414_1412_20250414_1724,13044,2025-04-14 14:12:00,2025-04-14 17:24:00,3,0,438,2,0
2025_HARP13035_20250414_2036_20250414_2348,13035,2025-04-14 20:36:00,2025-04-14 23:48:00,3,0,440,2,0
2025_HARP13056_20250414_2036_20250414_2348,13056,2025-04-14 20:36:00,2025-04-14 23:48:00,3,0,442,2,0
2025_HARP13056_20250415_0300_20250415_1100,13056,2025-04-15 03:00:00,2025-04-15 11:00:00,6,0,444,2,0
2025_HARP13102_20250415_1048_20250415_1048,13102,2025-04-15 10:48:00,2025-04-15 10:48:00,1,0,446,2,0
2025_HARP13102_20250415_1836_20250415_2336,13102,2025-04-15 18:36:00,2025-04-15 23:36:00,4,0,448,2,0
2025_HARP13078_20250416_0148_20250416_1436,13078,2025-04-16 01:48:00,2025-04-16 14:36:00,9,0,450,2,0
2025_HARP13102_20250416_0736_20250416_1400,13102,2025-04-16 07:36:00,2025-04-16 14:00:00,5,0,452,2,0
2025_HARP13056_20250416_2300_20250417_1648,13056,2025-04-16 23:00:00,2025-04-17 16:48:00,12,0,454,2,0
2025_HARP13078_20250417_0736_20250417_1536,13078,2025-04-17 07:36:00,2025-04-17 15:36:00,6,0,456,2,0
2025_HARP13078_20250418_0148_20250418_1748,13078,2025-04-18 01:48:00,2025-04-18 17:48:00,11,0,458,2,0
2025_HARP13102_20250418_0736_20250418_1848,13102,2025-04-18 07:36:00,2025-04-18 18:48:00,8,0,460,2,0
2025_HARP13091_20250419_0036_20250419_2300,13091,2025-04-19 00:36:00,2025-04-19 23:00:00,15,3,462,2,0
2025_HARP13102_20250419_0736_20250419_1712,13102,2025-04-19 07:36:00,2025-04-19 17:12:00,7,0,464,2,0
2025_HARP13104_20250420_0748_20250420_2212,13104,2025-04-20 07:48:00,2025-04-20 22:12:00,10,0,466,2,0
2025_HARP13091_20250421_0036_20250421_0036,13091,2025-04-21 00:36:00,2025-04-21 00:36:00,1,1,468,2,0
2025_HARP13091_20250421_0348_20250422_0036,13091,2025-04-21 03:48:00,2025-04-22 00:36:00,14,10,470,2,0
2025_HARP13108_20250421_0736_20250421_2200,13108,2025-04-21 07:36:00,2025-04-21 22:00:00,10,0,472,2,0
2025_HARP13108_20250422_0112_20250422_0424,13108,2025-04-22 01:12:00,2025-04-22 04:24:00,3,0,474,2,0
2025_HARP13091_20250422_0348_20250423_0212,13091,2025-04-22 03:48:00,2025-04-23 02:12:00,15,0,476,2,0
2025_HARP13105_20250422_1700_20250422_1700,13105,2025-04-22 17:00:00,2025-04-22 17:00:00,1,0,478,2,0
2025_HARP13108_20250423_0112_20250423_0424,13108,2025-04-23 01:12:00,2025-04-23 04:24:00,3,0,480,2,0
2025_HARP13105_20250423_0236_20250423_2212,13105,2025-04-23 02:36:00,2025-04-23 22:12:00,13,0,482,2,0
2025_HARP13108_20250423_0736_20250424_0624,13108,2025-04-23 07:36:00,2025-04-24 06:24:00,15,0,484,2,0
2025_HARP13123_20250423_1948_20250424_0036,13123,2025-04-23 19:48:00,2025-04-24 00:36:00,4,0,486,2,0
2025_HARP13104_20250424_0148_20250424_2100,13104,2025-04-24 01:48:00,2025-04-24 21:00:00,13,0,488,2,0
2025_HARP13123_20250424_0348_20250425_0212,13123,2025-04-24 03:48:00,2025-04-25 02:12:00,15,0,490,2,0
2025_HARP13118_20250424_1936_20250425_0824,13118,2025-04-24 19:36:00,2025-04-25 08:24:00,9,0,492,2,0
2025_HARP13105_20250425_0124_20250425_0748,13105,2025-04-25 01:24:00,2025-04-25 07:48:00,5,0,494,2,0
2025_HARP13108_20250425_0800_20250425_1424,13108,2025-04-25 08:00:00,2025-04-25 14:24:00,5,0,496,2,0
2025_HARP13142_20250425_1300_20250426_1124,13142,2025-04-25 13:00:00,2025-04-26 11:24:00,15,0,498,2,0
2025_HARP13117_20250425_2224_20250426_2048,13117,2025-04-25 22:24:00,2025-04-26 20:48:00,15,0,500,2,0
2025_HARP13123_20250425_2300_20250426_2124,13123,2025-04-25 23:00:00,2025-04-26 21:24:00,15,0,502,2,0
2025_HARP13133_20250426_1248_20250427_1200,13133,2025-04-26 12:48:00,2025-04-27 12:00:00,15,0,504,2,0
2025_HARP13118_20250426_1936_20250427_1848,13118,2025-04-26 19:36:00,2025-04-27 18:48:00,15,6,506,2,0
2025_HARP13117_20250426_2224_20250427_1824,13117,2025-04-26 22:24:00,2025-04-27 18:24:00,13,0,508,2,0
2025_HARP13144_20250427_0536_20250427_1736,13144,2025-04-27 05:36:00,2025-04-27 17:36:00,8,0,510,2,0
2025_HARP13133_20250427_1336_20250427_1824,13133,2025-04-27 13:36:00,2025-04-27 18:24:00,4,0,512,2,0
2025_HARP13117_20250428_0148_20250428_2136,13117,2025-04-28 01:48:00,2025-04-28 21:36:00,13,0,514,2,0
2025_HARP13142_20250428_0200_20250428_2148,13142,2025-04-28 02:00:00,2025-04-28 21:48:00,13,0,516,2,0
2025_HARP13159_20250428_0212_20250428_0348,13159,2025-04-28 02:12:00,2025-04-28 03:48:00,2,0,518,2,0
2025_HARP13144_20250428_0236_20250428_1736,13144,2025-04-28 02:36:00,2025-04-28 17:36:00,10,0,520,2,0
2025_HARP13159_20250428_0736_20250429_0424,13159,2025-04-28 07:36:00,2025-04-29 04:24:00,14,0,522,2,0
2025_HARP13147_20250428_1100_20250429_0924,13147,2025-04-28 11:00:00,2025-04-29 09:24:00,15,0,524,2,0
2025_HARP13144_20250428_2048_20250428_2224,13144,2025-04-28 20:48:00,2025-04-28 22:24:00,2,0,526,2,0
2025_HARP13133_20250429_0048_20250429_2000,13133,2025-04-29 00:48:00,2025-04-29 20:00:00,13,0,528,2,0
2025_HARP13144_20250429_0136_20250429_1736,13144,2025-04-29 01:36:00,2025-04-29 17:36:00,11,0,530,2,0
2025_HARP13147_20250429_1100_20250429_1724,13147,2025-04-29 11:00:00,2025-04-29 17:24:00,5,0,532,2,0
2025_HARP13147_20250429_2036_20250430_1724,13147,2025-04-29 20:36:00,2025-04-30 17:24:00,14,0,534,2,0
2025_HARP13133_20250430_0048_20250430_2324,13133,2025-04-30 00:48:00,2025-04-30 23:24:00,15,0,536,2,0
2025_HARP13144_20250430_0312_20250501_0148,13144,2025-04-30 03:12:00,2025-05-01 01:48:00,15,0,538,2,0
2025_HARP13145_20250430_1948_20250430_2124,13145,2025-04-30 19:48:00,2025-04-30 21:24:00,2,0,540,2,0
2025_HARP13145_20250501_0036_20250501_2124,13145,2025-05-01 00:36:00,2025-05-01 21:24:00,14,0,542,2,0
2025_HARP13147_20250501_1424_20250502_1248,13147,2025-05-01 14:24:00,2025-05-02 12:48:00,15,0,544,2,0
2025_HARP13147_20250502_1424_20250503_0312,13147,2025-05-02 14:24:00,2025-05-03 03:12:00,9,0,546,2,0
2025_HARP13171_20250502_2236_20250503_0012,13171,2025-05-02 22:36:00,2025-05-03 00:12:00,2,0,548,2,0
2025_HARP13171_20250503_0324_20250503_0636,13171,2025-05-03 03:24:00,2025-05-03 06:36:00,3,0,550,2,0
2025_HARP13171_20250503_1200_20250504_0224,13171,2025-05-03 12:00:00,2025-05-04 02:24:00,10,0,552,2,0
2025_HARP13182_20250504_1036_20250504_2148,13182,2025-05-04 10:36:00,2025-05-04 21:48:00,8,0,554,2,0
2025_HARP13171_20250505_0024_20250505_1624,13171,2025-05-05 00:24:00,2025-05-05 16:24:00,11,0,556,2,0
2025_HARP13187_20250505_0336_20250505_1624,13187,2025-05-05 03:36:00,2025-05-05 16:24:00,9,0,558,2,0
2025_HARP13171_20250505_1936_20250505_2112,13171,2025-05-05 19:36:00,2025-05-05 21:12:00,2,0,560,2,0
2025_HARP13171_20250506_0024_20250506_1624,13171,2025-05-06 00:24:00,2025-05-06 16:24:00,11,0,562,2,0
2025_HARP13182_20250506_0736_20250506_1712,13182,2025-05-06 07:36:00,2025-05-06 17:12:00,7,0,564,2,0
2025_HARP13187_20250506_1936_20250506_2112,13187,2025-05-06 19:36:00,2025-05-06 21:12:00,2,0,566,2,0
2025_HARP13171_20250507_0024_20250507_1136,13171,2025-05-07 00:24:00,2025-05-07 11:36:00,8,0,568,2,0
2025_HARP13190_20250507_0848_20250508_0424,13190,2025-05-07 08:48:00,2025-05-08 04:24:00,13,0,570,2,0
2025_HARP13190_20250508_0736_20250509_0424,13190,2025-05-08 07:36:00,2025-05-09 04:24:00,14,0,572,2,0
2025_HARP13190_20250509_0736_20250510_0424,13190,2025-05-09 07:36:00,2025-05-10 04:24:00,14,0,574,2,0
2025_HARP13207_20250509_2324_20250510_2012,13207,2025-05-09 23:24:00,2025-05-10 20:12:00,14,0,576,2,0
2025_HARP13203_20250510_1612_20250511_1436,13203,2025-05-10 16:12:00,2025-05-11 14:36:00,15,0,578,2,0
2025_HARP13190_20250510_2336_20250511_0424,13190,2025-05-10 23:36:00,2025-05-11 04:24:00,4,0,580,2,0
2025_HARP13190_20250511_0736_20250511_2024,13190,2025-05-11 07:36:00,2025-05-11 20:24:00,9,0,582,2,0
2025_HARP13207_20250511_2324_20250512_2148,13207,2025-05-11 23:24:00,2025-05-12 21:48:00,15,0,584,2,0
2025_HARP13203_20250512_1612_20250513_1436,13203,2025-05-12 16:12:00,2025-05-13 14:36:00,15,0,586,2,0
2025_HARP13199_20250513_0312_20250513_1736,13199,2025-05-13 03:12:00,2025-05-13 17:36:00,10,0,588,2,0
2025_HARP13203_20250513_2236_20250513_2236,13203,2025-05-13 22:36:00,2025-05-13 22:36:00,1,0,590,2,0
2025_HARP13199_20250514_0136_20250514_1112,13199,2025-05-14 01:36:00,2025-05-14 11:12:00,7,0,592,2,0
2025_HARP13199_20250514_1424_20250515_1324,13199,2025-05-14 14:24:00,2025-05-15 13:24:00,15,0,594,2,0
2025_HARP13199_20250515_1500_20250515_1500,13199,2025-05-15 15:00:00,2025-05-15 15:00:00,1,0,596,2,0
2025_HARP13231_20250516_1700_20250517_0548,13231,2025-05-16 17:00:00,2025-05-17 05:48:00,9,0,598,2,0
2025_HARP13231_20250517_0900_20250518_0724,13231,2025-05-17 09:00:00,2025-05-18 07:24:00,15,0,600,2,0
2025_HARP13231_20250518_0900_20250519_0724,13231,2025-05-18 09:00:00,2025-05-19 07:24:00,15,0,602,2,0
2025_HARP13249_20250518_1936_20250519_1624,13249,2025-05-18 19:36:00,2025-05-19 16:24:00,14,0,604,2,0
2025_HARP13232_20250519_0036_20250519_2300,13232,2025-05-19 00:36:00,2025-05-19 23:00:00,15,15,606,2,0
2025_HARP13246_20250519_1424_20250520_1248,13246,2025-05-19 14:24:00,2025-05-20 12:48:00,15,0,608,2,0
2025_HARP13245_20250519_2300_20250520_2124,13245,2025-05-19 23:00:00,2025-05-20 21:24:00,15,0,610,2,0
2025_HARP13232_20250520_0036_20250520_2300,13232,2025-05-20 00:36:00,2025-05-20 23:00:00,15,15,612,2,0
2025_HARP13269_20250520_0712_20250521_0536,13269,2025-05-20 07:12:00,2025-05-21 05:36:00,15,0,614,2,0
2025_HARP13249_20250520_1936_20250521_1624,13249,2025-05-20 19:36:00,2025-05-21 16:24:00,14,0,616,2,0
2025_HARP13245_20250520_2300_20250521_2148,13245,2025-05-20 23:00:00,2025-05-21 21:48:00,15,0,618,2,0
2025_HARP13269_20250521_0712_20250521_2212,13269,2025-05-21 07:12:00,2025-05-21 22:12:00,10,0,620,2,0
2025_HARP13246_20250521_2112_20250522_1624,13246,2025-05-21 21:12:00,2025-05-22 16:24:00,13,0,622,2,0
2025_HARP13246_20250522_1936_20250523_1624,13246,2025-05-22 19:36:00,2025-05-23 16:24:00,14,0,624,2,0
2025_HARP13245_20250522_2324_20250523_0724,13245,2025-05-22 23:24:00,2025-05-23 07:24:00,6,0,626,2,0
2025_HARP13264_20250523_1548_20250524_1412,13264,2025-05-23 15:48:00,2025-05-24 14:12:00,15,0,628,2,0
2025_HARP13269_20250523_2100_20250524_0324,13269,2025-05-23 21:00:00,2025-05-24 03:24:00,5,5,630,2,0
2025_HARP13264_20250524_1548_20250525_1412,13264,2025-05-24 15:48:00,2025-05-25 14:12:00,15,0,632,2,0
2025_HARP13274_20250525_0724_20250526_0548,13274,2025-05-25 07:24:00,2025-05-26 05:48:00,15,0,634,2,0
2025_HARP13264_20250525_1548_20250526_1412,13264,2025-05-25 15:48:00,2025-05-26 14:12:00,15,0,636,2,0
2025_HARP13273_20250526_0500_20250527_0324,13273,2025-05-26 05:00:00,2025-05-27 03:24:00,15,0,638,2,0
2025_HARP13292_20250526_0736_20250527_0636,13292,2025-05-26 07:36:00,2025-05-27 06:36:00,15,0,640,2,0
2025_HARP13264_20250526_1548_20250526_1724,13264,2025-05-26 15:48:00,2025-05-26 17:24:00,2,0,642,2,0
2025_HARP13273_20250527_0500_20250528_0412,13273,2025-05-27 05:00:00,2025-05-28 04:12:00,15,0,644,2,0
2025_HARP13292_20250527_0812_20250527_1936,13292,2025-05-27 08:12:00,2025-05-27 19:36:00,8,0,646,2,0
2025_HARP13264_20250527_1948_20250527_1948,13264,2025-05-27 19:48:00,2025-05-27 19:48:00,1,0,648,2,0
2025_HARP13264_20250527_2300_20250528_0700,13264,2025-05-27 23:00:00,2025-05-28 07:00:00,6,0,650,2,0
2025_HARP13274_20250528_0812_20250529_0712,13274,2025-05-28 08:12:00,2025-05-29 07:12:00,15,0,652,2,0
2025_HARP13292_20250528_2148_20250529_2012,13292,2025-05-28 21:48:00,2025-05-29 20:12:00,15,0,654,2,0
2025_HARP13274_20250529_0848_20250529_1824,13274,2025-05-29 08:48:00,2025-05-29 18:24:00,7,0,656,2,0
2025_HARP13292_20250529_2148_20250530_1524,13292,2025-05-29 21:48:00,2025-05-30 15:24:00,12,0,658,2,0
2025_HARP13299_20250530_1700_20250530_2324,13299,2025-05-30 17:00:00,2025-05-30 23:24:00,5,5,660,2,0
2025_HARP13294_20250531_0236_20250601_0100,13294,2025-05-31 02:36:00,2025-06-01 01:00:00,15,0,662,2,0
2025_HARP13294_20250601_0236_20250602_0100,13294,2025-06-01 02:36:00,2025-06-02 01:00:00,15,0,664,2,0
2025_HARP13306_20250601_0436_20250602_0300,13306,2025-06-01 04:36:00,2025-06-02 03:00:00,15,0,666,2,0
2025_HARP13299_20250602_0236_20250603_0100,13299,2025-06-02 02:36:00,2025-06-03 01:00:00,15,12,668,2,0
2025_HARP13299_20250603_0236_20250603_0236,13299,2025-06-03 02:36:00,2025-06-03 02:36:00,1,0,670,2,0
2025_HARP13306_20250603_0748_20250604_0500,13306,2025-06-03 07:48:00,2025-06-04 05:00:00,14,0,672,2,0
2025_HARP13306_20250604_0812_20250605_0712,13306,2025-06-04 08:12:00,2025-06-05 07:12:00,15,0,674,2,0
2025_HARP13306_20250605_0848_20250605_1200,13306,2025-06-05 08:48:00,2025-06-05 12:00:00,3,0,676,2,0
2025_HARP13327_20250606_0100_20250606_2324,13327,2025-06-06 01:00:00,2025-06-06 23:24:00,15,0,678,2,0
2025_HARP13327_20250607_0100_20250607_2324,13327,2025-06-07 01:00:00,2025-06-07 23:24:00,15,0,680,2,0
2025_HARP13336_20250607_1824_20250608_1648,13336,2025-06-07 18:24:00,2025-06-08 16:48:00,15,0,682,2,0
2025_HARP13323_20250607_2312_20250608_2136,13323,2025-06-07 23:12:00,2025-06-08 21:36:00,15,0,684,2,0
2025_HARP13347_20250608_1648_20250609_1512,13347,2025-06-08 16:48:00,2025-06-09 15:12:00,15,0,686,2,0
2025_HARP13323_20250608_2312_20250609_2136,13323,2025-06-08 23:12:00,2025-06-09 21:36:00,15,0,688,2,0
2025_HARP13336_20250609_1824_20250610_0400,13336,2025-06-09 18:24:00,2025-06-10 04:00:00,7,0,690,2,0
2025_HARP13347_20250610_1648_20250611_1512,13347,2025-06-10 16:48:00,2025-06-11 15:12:00,15,0,692,2,0
2025_HARP13346_20250611_0724_20250612_0424,13346,2025-06-11 07:24:00,2025-06-12 04:24:00,14,0,694,2,0
2025_HARP13323_20250611_2324_20250612_1036,13323,2025-06-11 23:24:00,2025-06-12 10:36:00,8,8,696,2,0
2025_HARP13347_20250612_1700_20250612_2324,13347,2025-06-12 17:00:00,2025-06-12 23:24:00,5,0,698,2,0
2025_HARP13345_20250613_0736_20250614_0424,13345,2025-06-13 07:36:00,2025-06-14 04:24:00,14,0,700,2,0
2025_HARP13345_20250614_0736_20250615_0424,13345,2025-06-14 07:36:00,2025-06-15 04:24:00,14,0,702,2,0
2025_HARP13366_20250614_1812_20250615_1636,13366,2025-06-14 18:12:00,2025-06-15 16:36:00,15,0,704,2,0
2025_HARP13345_20250615_0736_20250616_0112,13345,2025-06-15 07:36:00,2025-06-16 01:12:00,12,0,706,2,0
2025_HARP13366_20250615_1812_20250616_0212,13366,2025-06-15 18:12:00,2025-06-16 02:12:00,6,0,708,2,0
2025_HARP13366_20250616_0700_20250617_0524,13366,2025-06-16 07:00:00,2025-06-17 05:24:00,15,0,710,2,0
2025_HARP13345_20250616_0736_20250617_0424,13345,2025-06-16 07:36:00,2025-06-17 04:24:00,14,0,712,2,0
2025_HARP13354_20250617_0712_20250618_0536,13354,2025-06-17 07:12:00,2025-06-18 05:36:00,15,0,714,2,0
2025_HARP13366_20250618_0700_20250619_0236,13366,2025-06-18 07:00:00,2025-06-19 02:36:00,13,0,716,2,0
2025_HARP13354_20250619_0736_20250619_2024,13354,2025-06-19 07:36:00,2025-06-19 20:24:00,9,0,718,2,0
2025_HARP13386_20250622_0012_20250622_2236,13386,2025-06-22 00:12:00,2025-06-22 22:36:00,15,0,720,2,0
2025_HARP13386_20250623_0012_20250623_1748,13386,2025-06-23 00:12:00,2025-06-23 17:48:00,12,0,722,2,0
2025_HARP13403_20250623_0736_20250624_0424,13403,2025-06-23 07:36:00,2025-06-24 04:24:00,14,0,724,2,0
2025_HARP13415_20250623_2112_20250624_1624,13415,2025-06-23 21:12:00,2025-06-24 16:24:00,13,0,726,2,0
2025_HARP13403_20250624_0736_20250625_0424,13403,2025-06-24 07:36:00,2025-06-25 04:24:00,14,0,728,2,0
2025_HARP13415_20250624_2112_20250625_2012,13415,2025-06-24 21:12:00,2025-06-25 20:12:00,15,0,730,2,0
2025_HARP13403_20250625_0736_20250625_1736,13403,2025-06-25 07:36:00,2025-06-25 17:36:00,7,0,732,2,0
2025_HARP13403_20250625_2100_20250625_2236,13403,2025-06-25 21:00:00,2025-06-25 22:36:00,2,0,734,2,0
2025_HARP13415_20250625_2148_20250626_0724,13415,2025-06-25 21:48:00,2025-06-26 07:24:00,7,0,736,2,0
2025_HARP13412_20250626_1036_20250627_0924,13412,2025-06-26 10:36:00,2025-06-27 09:24:00,15,0,738,2,0
2025_HARP13434_20250626_2012_20250627_1900,13434,2025-06-26 20:12:00,2025-06-27 19:00:00,15,0,740,2,0
2025_HARP13415_20250627_1100_20250628_0124,13415,2025-06-27 11:00:00,2025-06-28 01:24:00,10,0,742,2,0
2025_HARP13434_20250627_2036_20250628_1900,13434,2025-06-27 20:36:00,2025-06-28 19:00:00,15,0,744,2,0
2025_HARP13424_20250628_1936_20250629_1836,13424,2025-06-28 19:36:00,2025-06-29 18:36:00,15,0,746,2,0
2025_HARP13412_20250629_1136_20250629_1624,13412,2025-06-29 11:36:00,2025-06-29 16:24:00,4,0,748,2,0
2025_HARP13434_20250629_1936_20250630_1136,13434,2025-06-29 19:36:00,2025-06-30 11:36:00,11,0,750,2,0
2025_HARP13432_20250629_2248_20250630_1136,13432,2025-06-29 22:48:00,2025-06-30 11:36:00,9,0,752,2,0
2025_HARP13434_20250630_1448_20250630_1624,13434,2025-06-30 14:48:00,2025-06-30 16:24:00,2,0,754,2,0
2025_HARP13432_20250630_1936_20250701_0024,13432,2025-06-30 19:36:00,2025-07-01 00:24:00,4,0,756,2,0
2025_HARP13439_20250630_1948_20250630_2124,13439,2025-06-30 19:48:00,2025-06-30 21:24:00,2,0,758,2,0
2025_HARP13439_20250701_0036_20250701_0036,13439,2025-07-01 00:36:00,2025-07-01 00:36:00,1,0,760,2,0
2025_HARP13432_20250701_0336_20250701_1624,13432,2025-07-01 03:36:00,2025-07-01 16:24:00,9,0,762,2,0
2025_HARP13439_20250701_0348_20250701_2124,13439,2025-07-01 03:48:00,2025-07-01 21:24:00,12,0,764,2,0
2025_HARP13445_20250701_1624_20250701_1624,13445,2025-07-01 16:24:00,2025-07-01 16:24:00,1,0,766,2,0
2025_HARP13449_20250701_2100_20250701_2236,13449,2025-07-01 21:00:00,2025-07-01 22:36:00,2,0,768,2,0
2025_HARP13436_20250701_2112_20250701_2112,13436,2025-07-01 21:12:00,2025-07-01 21:12:00,1,0,770,2,0
2025_HARP13439_20250702_0036_20250702_0212,13439,2025-07-02 00:36:00,2025-07-02 02:12:00,2,0,772,2,0
2025_HARP13449_20250702_0148_20250702_1748,13449,2025-07-02 01:48:00,2025-07-02 17:48:00,11,0,774,2,0
2025_HARP13436_20250702_0200_20250702_1624,13436,2025-07-02 02:00:00,2025-07-02 16:24:00,10,0,776,2,0
2025_HARP13439_20250702_0524_20250703_0412,13439,2025-07-02 05:24:00,2025-07-03 04:12:00,15,0,778,2,0
2025_HARP13432_20250702_2000_20250703_0048,13432,2025-07-02 20:00:00,2025-07-03 00:48:00,4,0,780,2,0
2025_HARP13445_20250702_2000_20250703_0048,13445,2025-07-02 20:00:00,2025-07-03 00:48:00,4,0,782,2,0
2025_HARP13449_20250703_0036_20250703_0036,13449,2025-07-03 00:36:00,2025-07-03 00:36:00,1,0,784,2,0
2025_HARP13432_20250703_0400_20250703_2000,13432,2025-07-03 04:00:00,2025-07-03 20:00:00,11,0,786,2,0
2025_HARP13445_20250703_0400_20250703_2000,13445,2025-07-03 04:00:00,2025-07-03 20:00:00,11,0,788,2,0
2025_HARP13432_20250703_2312_20250704_1024,13432,2025-07-03 23:12:00,2025-07-04 10:24:00,8,0,790,2,0
2025_HARP13445_20250703_2312_20250704_2136,13445,2025-07-03 23:12:00,2025-07-04 21:36:00,15,0,792,2,0
2025_HARP13439_20250704_0548_20250705_0412,13439,2025-07-04 05:48:00,2025-07-05 04:12:00,15,0,794,2,0
2025_HARP13436_20250704_2312_20250705_2136,13436,2025-07-04 23:12:00,2025-07-05 21:36:00,15,0,796,2,0
2025_HARP13446_20250705_0736_20250706_0248,13446,2025-07-05 07:36:00,2025-07-06 02:48:00,13,0,798,2,0
2025_HARP13445_20250705_2312_20250706_0048,13445,2025-07-05 23:12:00,2025-07-06 00:48:00,2,0,800,2,0
2025_HARP13446_20250706_2200_20250706_2336,13446,2025-07-06 22:00:00,2025-07-06 23:36:00,2,0,802,2,0
2025_HARP13446_20250707_0736_20250708_0424,13446,2025-07-07 07:36:00,2025-07-08 04:24:00,14,0,804,2,0
2025_HARP13483_20250708_1600_20250709_0124,13483,2025-07-08 16:00:00,2025-07-09 01:24:00,6,0,806,2,0
2025_HARP13483_20250710_0048_20250710_1600,13483,2025-07-10 00:48:00,2025-07-10 16:00:00,10,0,808,2,0
2025_HARP13492_20250710_2148_20250710_2148,13492,2025-07-10 21:48:00,2025-07-10 21:48:00,1,0,810,2,0
2025_HARP13470_20250711_0136_20250711_0624,13470,2025-07-11 01:36:00,2025-07-11 06:24:00,4,0,812,2,0
2025_HARP13470_20250711_1000_20250711_1624,13470,2025-07-11 10:00:00,2025-07-11 16:24:00,5,0,814,2,0
2025_HARP13470_20250711_1936_20250712_0648,13470,2025-07-11 19:36:00,2025-07-12 06:48:00,8,0,816,2,0
2025_HARP13492_20250712_1000_20250712_1624,13492,2025-07-12 10:00:00,2025-07-12 16:24:00,5,0,818,2,0
2025_HARP13476_20250712_1936_20250713_0536,13476,2025-07-12 19:36:00,2025-07-13 05:36:00,7,0,820,2,0
2025_HARP13470_20250713_0300_20250713_0612,13470,2025-07-13 03:00:00,2025-07-13 06:12:00,3,0,822,2,0
2025_HARP13470_20250713_1000_20250713_1624,13470,2025-07-13 10:00:00,2025-07-13 16:24:00,5,0,824,2,0
2025_HARP13476_20250714_1000_20250714_1624,13476,2025-07-14 10:00:00,2025-07-14 16:24:00,5,0,826,2,0
2025_HARP13476_20250714_1936_20250715_0512,13476,2025-07-14 19:36:00,2025-07-15 05:12:00,7,0,828,2,0
2025_HARP13476_20250715_0912_20250716_0624,13476,2025-07-15 09:12:00,2025-07-16 06:24:00,14,0,830,2,0
2025_HARP13476_20250716_1024_20250716_2136,13476,2025-07-16 10:24:00,2025-07-16 21:36:00,8,0,832,2,0
2025_HARP13501_20250716_1100_20250717_0524,13501,2025-07-16 11:00:00,2025-07-17 05:24:00,12,0,834,2,0
2025_HARP13501_20250717_0924_20250718_0612,13501,2025-07-17 09:24:00,2025-07-18 06:12:00,14,0,836,2,0
2025_HARP13493_20250717_2312_20250718_0536,13493,2025-07-17 23:12:00,2025-07-18 05:36:00,5,0,838,2,0
2025_HARP13501_20250718_1012_20250719_0524,13501,2025-07-18 10:12:00,2025-07-19 05:24:00,13,0,840,2,0
2025_HARP13507_20250719_0524_20250719_0524,13507,2025-07-19 05:24:00,2025-07-19 05:24:00,1,0,842,2,0
2025_HARP13493_20250719_1036_20250719_1212,13493,2025-07-19 10:36:00,2025-07-19 12:12:00,2,0,844,2,0
2025_HARP13507_20250719_1112_20250720_0624,13507,2025-07-19 11:12:00,2025-07-20 06:24:00,13,0,846,2,0
2025_HARP13532_20250719_1936_20250720_0512,13532,2025-07-19 19:36:00,2025-07-20 05:12:00,7,0,848,2,0
2025_HARP13501_20250720_1036_20250720_1700,13501,2025-07-20 10:36:00,2025-07-20 17:00:00,5,0,850,2,0
2025_HARP13517_20250720_1112_20250720_1248,13517,2025-07-20 11:12:00,2025-07-20 12:48:00,2,0,852,2,0
2025_HARP13532_20250720_1548_20250721_0612,13532,2025-07-20 15:48:00,2025-07-21 06:12:00,10,0,854,2,0
2025_HARP13506_20250721_0912_20250722_0424,13506,2025-07-21 09:12:00,2025-07-22 04:24:00,13,0,856,2,0
2025_HARP13532_20250721_1024_20250721_1200,13532,2025-07-21 10:24:00,2025-07-21 12:00:00,2,0,858,2,0
2025_HARP13507_20250721_1936_20250722_0512,13507,2025-07-21 19:36:00,2025-07-22 05:12:00,7,0,860,2,0
2025_HARP13517_20250722_1000_20250723_0500,13517,2025-07-22 10:00:00,2025-07-23 05:00:00,12,0,862,2,0
2025_HARP13522_20250722_2136_20250723_0536,13522,2025-07-22 21:36:00,2025-07-23 05:36:00,6,0,864,2,0
2025_HARP13507_20250723_1012_20250723_1324,13507,2025-07-23 10:12:00,2025-07-23 13:24:00,3,0,866,2,0
2025_HARP13517_20250723_2148_20250724_0100,13517,2025-07-23 21:48:00,2025-07-24 01:00:00,3,0,868,2,0
2025_HARP13524_20250724_0000_20250724_0624,13524,2025-07-24 00:00:00,2025-07-24 06:24:00,5,0,870,2,0
2025_HARP13524_20250724_1036_20250725_0112,13524,2025-07-24 10:36:00,2025-07-25 01:12:00,10,0,872,2,0
2025_HARP13522_20250725_0500_20250725_0500,13522,2025-07-25 05:00:00,2025-07-25 05:00:00,1,0,874,2,0
2025_HARP13542_20250725_0548_20250725_0548,13542,2025-07-25 05:48:00,2025-07-25 05:48:00,1,0,876,2,0
2025_HARP13522_20250725_0912_20250726_0424,13522,2025-07-25 09:12:00,2025-07-26 04:24:00,13,0,878,2,0
2025_HARP13542_20250725_1000_20250725_1624,13542,2025-07-25 10:00:00,2025-07-25 16:24:00,5,0,880,2,0
2025_HARP13542_20250725_1936_20250726_0512,13542,2025-07-25 19:36:00,2025-07-26 05:12:00,7,0,882,2,0
2025_HARP13561_20250726_1000_20250726_1624,13561,2025-07-26 10:00:00,2025-07-26 16:24:00,5,0,884,2,0
2025_HARP13524_20250726_1012_20250727_0212,13524,2025-07-26 10:12:00,2025-07-27 02:12:00,11,0,886,2,0
2025_HARP13543_20250726_1748_20250727_0500,13543,2025-07-26 17:48:00,2025-07-27 05:00:00,8,0,888,2,0
2025_HARP13522_20250727_0524_20250727_0524,13522,2025-07-27 05:24:00,2025-07-27 05:24:00,1,0,890,2,0
2025_HARP13543_20250727_0912_20250728_0424,13543,2025-07-27 09:12:00,2025-07-28 04:24:00,13,0,892,2,0
2025_HARP13542_20250727_1024_20250728_0536,13542,2025-07-27 10:24:00,2025-07-28 05:36:00,13,0,894,2,0
2025_HARP13568_20250727_1212_20250728_0548,13568,2025-07-27 12:12:00,2025-07-28 05:48:00,12,0,896,2,0
2025_HARP13548_20250727_1936_20250728_0512,13548,2025-07-27 19:36:00,2025-07-28 05:12:00,7,0,898,2,0
2025_HARP13548_20250728_0924_20250728_1236,13548,2025-07-28 09:24:00,2025-07-28 12:36:00,3,0,900,2,0
2025_HARP13568_20250728_1000_20250728_1136,13568,2025-07-28 10:00:00,2025-07-28 11:36:00,2,0,902,2,0
2025_HARP13561_20250728_1024_20250728_1200,13561,2025-07-28 10:24:00,2025-07-28 12:00:00,2,0,904,2,0
2025_HARP13542_20250728_1124_20250728_1300,13542,2025-07-28 11:24:00,2025-07-28 13:00:00,2,0,906,2,0
2025_HARP13548_20250728_1548_20250729_0536,13548,2025-07-28 15:48:00,2025-07-29 05:36:00,9,0,908,2,0
2025_HARP13542_20250728_1612_20250728_1748,13542,2025-07-28 16:12:00,2025-07-28 17:48:00,2,0,910,2,0
2025_HARP13543_20250728_1636_20250728_1948,13543,2025-07-28 16:36:00,2025-07-28 19:48:00,3,0,912,2,0
2025_HARP13542_20250728_2100_20250729_0324,13542,2025-07-28 21:00:00,2025-07-29 03:24:00,5,0,914,2,0
2025_HARP13568_20250729_0612_20250729_0612,13568,2025-07-29 06:12:00,2025-07-29 06:12:00,1,0,916,2,0
2025_HARP13548_20250729_1112_20250729_1736,13548,2025-07-29 11:12:00,2025-07-29 17:36:00,5,0,918,2,0
2025_HARP13542_20250729_1136_20250729_1624,13542,2025-07-29 11:36:00,2025-07-29 16:24:00,4,0,920,2,0
2025_HARP13548_20250729_2112_20250730_0512,13548,2025-07-29 21:12:00,2025-07-30 05:12:00,6,0,922,2,0
2025_HARP13576_20250730_0236_20250730_0236,13576,2025-07-30 02:36:00,2025-07-30 02:36:00,1,0,924,2,0
2025_HARP13576_20250730_0548_20250730_0548,13576,2025-07-30 05:48:00,2025-07-30 05:48:00,1,0,926,2,0
2025_HARP13552_20250730_0912_20250731_0500,13552,2025-07-30 09:12:00,2025-07-31 05:00:00,13,0,928,2,0
2025_HARP13576_20250730_1124_20250731_0536,13576,2025-07-30 11:24:00,2025-07-31 05:36:00,12,0,930,2,0
2025_HARP13543_20250730_1700_20250730_2324,13543,2025-07-30 17:00:00,2025-07-30 23:24:00,5,0,932,2,0
2025_HARP13543_20250731_0236_20250731_0548,13543,2025-07-31 02:36:00,2025-07-31 05:48:00,3,0,934,2,0
2025_HARP13548_20250731_1036_20250731_2324,13548,2025-07-31 10:36:00,2025-07-31 23:24:00,9,0,936,2,0
2025_HARP13567_20250731_1636_20250801_0212,13567,2025-07-31 16:36:00,2025-08-01 02:12:00,7,0,938,2,0
2025_HARP13567_20250801_0924_20250802_0612,13567,2025-08-01 09:24:00,2025-08-02 06:12:00,14,0,940,2,0
2025_HARP13581_20250802_0912_20250802_1048,13581,2025-08-02 09:12:00,2025-08-02 10:48:00,2,0,942,2,0
2025_HARP13567_20250802_1936_20250803_0512,13567,2025-08-02 19:36:00,2025-08-03 05:12:00,7,0,944,2,0
2025_HARP13567_20250803_1036_20250804_0548,13567,2025-08-03 10:36:00,2025-08-04 05:48:00,13,0,946,2,0
2025_HARP13567_20250804_0936_20250804_1248,13567,2025-08-04 09:36:00,2025-08-04 12:48:00,3,0,948,2,0
2025_HARP13567_20250804_1600_20250805_0624,13567,2025-08-04 16:00:00,2025-08-05 06:24:00,10,0,950,2,0
2025_HARP13567_20250805_1000_20250805_1000,13567,2025-08-05 10:00:00,2025-08-05 10:00:00,1,0,952,2,0
2025_HARP13574_20250805_1936_20250806_0512,13574,2025-08-05 19:36:00,2025-08-06 05:12:00,7,0,954,2,0
2025_HARP13610_20250806_1200_20250807_1112,13610,2025-08-06 12:00:00,2025-08-07 11:12:00,15,0,956,2,0
2025_HARP13574_20250807_0924_20250807_1412,13574,2025-08-07 09:24:00,2025-08-07 14:12:00,4,0,958,2,0
2025_HARP13599_20250807_2200_20250808_0424,13599,2025-08-07 22:00:00,2025-08-08 04:24:00,5,0,960,2,0
2025_HARP13599_20250808_0736_20250808_1400,13599,2025-08-08 07:36:00,2025-08-08 14:00:00,5,0,962,2,0
2025_HARP13599_20250808_1712_20250809_0424,13599,2025-08-08 17:12:00,2025-08-09 04:24:00,8,0,964,2,0
2025_HARP13599_20250809_0736_20250810_0248,13599,2025-08-09 07:36:00,2025-08-10 02:48:00,13,0,966,2,0
2025_HARP13606_20250809_1612_20250810_0148,13606,2025-08-09 16:12:00,2025-08-10 01:48:00,7,0,968,2,0
2025_HARP13597_20250810_0824_20250810_1624,13597,2025-08-10 08:24:00,2025-08-10 16:24:00,6,0,970,2,0
2025_HARP13597_20250810_1936_20250811_1624,13597,2025-08-10 19:36:00,2025-08-11 16:24:00,14,0,972,2,0
2025_HARP13612_20250811_1312_20250811_1624,13612,2025-08-11 13:12:00,2025-08-11 16:24:00,3,0,974,2,0
2025_HARP13612_20250811_1936_20250812_1624,13612,2025-08-11 19:36:00,2025-08-12 16:24:00,14,0,976,2,0
2025_HARP13606_20250812_0836_20250813_0036,13606,2025-08-12 08:36:00,2025-08-13 00:36:00,11,0,978,2,0
2025_HARP13597_20250812_1936_20250813_1624,13597,2025-08-12 19:36:00,2025-08-13 16:24:00,14,0,980,2,0
2025_HARP13636_20250813_1036_20250814_0748,13636,2025-08-13 10:36:00,2025-08-14 07:48:00,14,0,982,2,0
2025_HARP13612_20250813_2000_20250814_1824,13612,2025-08-13 20:00:00,2025-08-14 18:24:00,15,0,984,2,0
2025_HARP13624_20250814_0748_20250814_1548,13624,2025-08-14 07:48:00,2025-08-14 15:48:00,6,0,986,2,0
2025_HARP13624_20250814_1900_20250815_1724,13624,2025-08-14 19:00:00,2025-08-15 17:24:00,15,0,988,2,0
2025_HARP13627_20250815_0236_20250816_0100,13627,2025-08-15 02:36:00,2025-08-16 01:00:00,15,0,990,2,0
2025_HARP13624_20250815_1900_20250816_1724,13624,2025-08-15 19:00:00,2025-08-16 17:24:00,15,0,992,2,0
2025_HARP13624_20250816_1900_20250817_1724,13624,2025-08-16 19:00:00,2025-08-17 17:24:00,15,0,994,2,0
2025_HARP13627_20250817_0236_20250818_0100,13627,2025-08-17 02:36:00,2025-08-18 01:00:00,15,0,996,2,0
2025_HARP13641_20250817_1936_20250818_1812,13641,2025-08-17 19:36:00,2025-08-18 18:12:00,15,0,998,2,0
2025_HARP13624_20250818_1912_20250818_2048,13624,2025-08-18 19:12:00,2025-08-18 20:48:00,2,0,1000,2,0
2025_HARP13663_20250818_2000_20250819_1824,13663,2025-08-18 20:00:00,2025-08-19 18:24:00,15,0,1002,2,0
2025_HARP13652_20250819_0536_20250820_0400,13652,2025-08-19 05:36:00,2025-08-20 04:00:00,15,0,1004,2,0
2025_HARP13641_20250819_1948_20250820_1812,13641,2025-08-19 19:48:00,2025-08-20 18:12:00,15,0,1006,2,0
2025_HARP13652_20250820_0536_20250821_0412,13652,2025-08-20 05:36:00,2025-08-21 04:12:00,15,0,1008,2,0
2025_HARP13663_20250820_2012_20250821_1836,13663,2025-08-20 20:12:00,2025-08-21 18:36:00,15,0,1010,2,0
2025_HARP13652_20250821_0548_20250822_0412,13652,2025-08-21 05:48:00,2025-08-22 04:12:00,15,0,1012,2,0
2025_HARP13676_20250821_1936_20250822_0200,13676,2025-08-21 19:36:00,2025-08-22 02:00:00,5,0,1014,2,0
2025_HARP13676_20250822_0512_20250822_1624,13676,2025-08-22 05:12:00,2025-08-22 16:24:00,8,0,1016,2,0
2025_HARP13652_20250822_0548_20250823_0412,13652,2025-08-22 05:48:00,2025-08-23 04:12:00,15,0,1018,2,0
2025_HARP13676_20250822_1936_20250823_1624,13676,2025-08-22 19:36:00,2025-08-23 16:24:00,14,0,1020,2,0
2025_HARP13673_20250822_2200_20250823_1424,13673,2025-08-22 22:00:00,2025-08-23 14:24:00,11,0,1022,2,0
2025_HARP13652_20250823_0548_20250823_1836,13652,2025-08-23 05:48:00,2025-08-23 18:36:00,9,0,1024,2,0
2025_HARP13673_20250823_1924_20250824_1148,13673,2025-08-23 19:24:00,2025-08-24 11:48:00,9,0,1026,2,0
2025_HARP13676_20250823_1936_20250824_1624,13676,2025-08-23 19:36:00,2025-08-24 16:24:00,14,0,1028,2,0
2025_HARP13662_20250824_1636_20250825_1500,13662,2025-08-24 16:36:00,2025-08-25 15:00:00,15,0,1030,2,0
2025_HARP13694_20250824_1924_20250825_1748,13694,2025-08-24 19:24:00,2025-08-25 17:48:00,15,0,1032,2,0
2025_HARP13671_20250825_0524_20250826_0348,13671,2025-08-25 05:24:00,2025-08-26 03:48:00,15,0,1034,2,0
2025_HARP13673_20250825_0812_20250825_1624,13673,2025-08-25 08:12:00,2025-08-25 16:24:00,6,0,1036,2,0
2025_HARP13662_20250825_1636_20250826_1500,13662,2025-08-25 16:36:00,2025-08-26 15:00:00,15,0,1038,2,0
2025_HARP13673_20250825_1936_20250826_1624,13673,2025-08-25 19:36:00,2025-08-26 16:24:00,14,0,1040,2,0
2025_HARP13675_20250826_1036_20250827_0900,13675,2025-08-26 10:36:00,2025-08-27 09:00:00,15,0,1042,2,0
2025_HARP13694_20250826_1924_20250827_1748,13694,2025-08-26 19:24:00,2025-08-27 17:48:00,15,0,1044,2,0
2025_HARP13711_20250827_0712_20250828_0424,13711,2025-08-27 07:12:00,2025-08-28 04:24:00,14,0,1046,2,0
2025_HARP13694_20250827_1948_20250828_0524,13694,2025-08-27 19:48:00,2025-08-28 05:24:00,7,0,1048,2,0
2025_HARP13711_20250828_0736_20250829_0424,13711,2025-08-28 07:36:00,2025-08-29 04:24:00,14,0,1050,2,0
2025_HARP13691_20250829_0300_20250829_0612,13691,2025-08-29 03:00:00,2025-08-29 06:12:00,3,0,1052,2,0
2025_HARP13691_20250829_0924_20250830_0748,13691,2025-08-29 09:24:00,2025-08-30 07:48:00,15,0,1054,2,0
2025_HARP13708_20250829_1936_20250830_1624,13708,2025-08-29 19:36:00,2025-08-30 16:24:00,14,14,1056,2,0
2025_HARP13708_20250830_1936_20250831_1448,13708,2025-08-30 19:36:00,2025-08-31 14:48:00,13,0,1058,2,0
2025_HARP13708_20250831_1848_20250901_0424,13708,2025-08-31 18:48:00,2025-09-01 04:24:00,7,0,1060,2,0
2025_HARP13691_20250901_1012_20250901_1948,13691,2025-09-01 10:12:00,2025-09-01 19:48:00,7,0,1062,2,0
2025_HARP13723_20250902_0100_20250902_2324,13723,2025-09-02 01:00:00,2025-09-02 23:24:00,15,0,1064,2,0
2025_HARP13708_20250902_2200_20250903_0248,13708,2025-09-02 22:00:00,2025-09-03 02:48:00,4,0,1066,2,0
2025_HARP13723_20250903_0100_20250903_2336,13723,2025-09-03 01:00:00,2025-09-03 23:36:00,15,0,1068,2,0
2025_HARP13722_20250903_2324_20250904_2148,13722,2025-09-03 23:24:00,2025-09-04 21:48:00,15,0,1070,2,0
2025_HARP13730_20250904_0424_20250904_0424,13730,2025-09-04 04:24:00,2025-09-04 04:24:00,1,0,1072,2,0
2025_HARP13730_20250904_0736_20250905_0424,13730,2025-09-04 07:36:00,2025-09-05 04:24:00,14,0,1074,2,0
2025_HARP13722_20250904_2324_20250905_2148,13722,2025-09-04 23:24:00,2025-09-05 21:48:00,15,0,1076,2,0
2025_HARP13730_20250905_0736_20250906_0424,13730,2025-09-05 07:36:00,2025-09-06 04:24:00,14,0,1078,2,0
2025_HARP13722_20250905_2324_20250906_1036,13722,2025-09-05 23:24:00,2025-09-06 10:36:00,8,0,1080,2,0
2025_HARP13730_20250906_0736_20250907_0636,13730,2025-09-06 07:36:00,2025-09-07 06:36:00,15,0,1082,2,0
2025_HARP13747_20250906_1336_20250907_1236,13747,2025-09-06 13:36:00,2025-09-07 12:36:00,15,0,1084,2,0
2025_HARP13730_20250907_0812_20250908_0636,13730,2025-09-07 08:12:00,2025-09-08 06:36:00,15,0,1086,2,0
2025_HARP13747_20250907_1412_20250908_1236,13747,2025-09-07 14:12:00,2025-09-08 12:36:00,15,0,1088,2,0
2025_HARP13730_20250908_0812_20250908_1300,13730,2025-09-08 08:12:00,2025-09-08 13:00:00,4,0,1090,2,0
2025_HARP13747_20250908_1412_20250909_1236,13747,2025-09-08 14:12:00,2025-09-09 12:36:00,15,0,1092,2,0
2025_HARP13747_20250909_1412_20250909_1724,13747,2025-09-09 14:12:00,2025-09-09 17:24:00,3,0,1094,2,0
2025_HARP13736_20250910_1300_20250911_0200,13736,2025-09-10 13:00:00,2025-09-11 02:00:00,9,0,1096,2,0
2025_HARP13778_20250913_2348_20250914_2212,13778,2025-09-13 23:48:00,2025-09-14 22:12:00,15,0,1098,2,0
2025_HARP13768_20250915_2136_20250916_2000,13768,2025-09-15 21:36:00,2025-09-16 20:00:00,15,0,1100,2,0
2025_HARP13778_20250915_2348_20250916_1724,13778,2025-09-15 23:48:00,2025-09-16 17:24:00,12,0,1102,2,0
2025_HARP13768_20250916_2200_20250917_0424,13768,2025-09-16 22:00:00,2025-09-17 04:24:00,5,0,1104,2,0
2025_HARP13778_20250916_2236_20250917_0148,13778,2025-09-16 22:36:00,2025-09-17 01:48:00,3,0,1106,2,0
2025_HARP13773_20250917_2236_20250918_0012,13773,2025-09-17 22:36:00,2025-09-18 00:12:00,2,0,1108,2,0
2025_HARP13777_20250918_1900_20250919_1724,13777,2025-09-18 19:00:00,2025-09-19 17:24:00,15,0,1110,2,0
2025_HARP13776_20250918_2200_20250919_0424,13776,2025-09-18 22:00:00,2025-09-19 04:24:00,5,0,1112,2,0
2025_HARP13773_20250919_1836_20250920_0412,13773,2025-09-19 18:36:00,2025-09-20 04:12:00,7,0,1114,2,0
2025_HARP13768_20250919_1948_20250920_1012,13768,2025-09-19 19:48:00,2025-09-20 10:12:00,10,1,1116,2,0
2025_HARP13790_20250920_0900_20250921_0724,13790,2025-09-20 09:00:00,2025-09-21 07:24:00,15,0,1118,2,0
2025_HARP13777_20250920_1900_20250921_1724,13777,2025-09-20 19:00:00,2025-09-21 17:24:00,15,0,1120,2,0
2025_HARP13790_20250921_0900_20250922_0824,13790,2025-09-21 09:00:00,2025-09-22 08:24:00,15,0,1122,2,0
2025_HARP13777_20250921_1900_20250922_1200,13777,2025-09-21 19:00:00,2025-09-22 12:00:00,11,0,1124,2,0
2025_HARP13790_20250922_1000_20250922_1000,13790,2025-09-22 10:00:00,2025-09-22 10:00:00,1,1,1126,2,0
2025_HARP13784_20250922_1348_20250923_1212,13784,2025-09-22 13:48:00,2025-09-23 12:12:00,15,0,1128,2,0
2025_HARP13784_20250923_1348_20250924_1236,13784,2025-09-23 13:48:00,2025-09-24 12:36:00,15,0,1130,2,0
2025_HARP13801_20250924_1400_20250925_0424,13801,2025-09-24 14:00:00,2025-09-25 04:24:00,10,1,1132,2,0
2025_HARP13784_20250924_1936_20250925_0336,13784,2025-09-24 19:36:00,2025-09-25 03:36:00,6,0,1134,2,0
2025_HARP13801_20250925_0736_20250926_0424,13801,2025-09-25 07:36:00,2025-09-26 04:24:00,14,14,1136,2,0
2025_HARP13801_20250926_0736_20250927_0424,13801,2025-09-26 07:36:00,2025-09-27 04:24:00,14,13,1138,2,0
2025_HARP13835_20250927_0500_20250928_0324,13835,2025-09-27 05:00:00,2025-09-28 03:24:00,15,0,1140,2,0
2025_HARP13808_20250928_0300_20250928_2236,13808,2025-09-28 03:00:00,2025-09-28 22:36:00,13,0,1142,2,0
2025_HARP13801_20250928_0800_20250928_2224,13801,2025-09-28 08:00:00,2025-09-28 22:24:00,10,9,1144,2,0
2025_HARP13835_20250928_1324_20250928_2300,13835,2025-09-28 13:24:00,2025-09-28 23:00:00,7,0,1146,2,0
2025_HARP13801_20250929_0324_20250929_0812,13801,2025-09-29 03:24:00,2025-09-29 08:12:00,4,4,1148,2,0
2025_HARP13845_20250929_0348_20250930_0212,13845,2025-09-29 03:48:00,2025-09-30 02:12:00,15,0,1150,2,0
2025_HARP13845_20250930_0348_20251001_0224,13845,2025-09-30 03:48:00,2025-10-01 02:24:00,15,0,1152,2,0
2025_HARP13831_20250930_0724_20251001_0424,13831,2025-09-30 07:24:00,2025-10-01 04:24:00,14,14,1154,2,0
2025_HARP13835_20251001_0412_20251001_1212,13835,2025-10-01 04:12:00,2025-10-01 12:12:00,6,0,1156,2,0
2025_HARP13835_20251001_2000_20251001_2000,13835,2025-10-01 20:00:00,2025-10-01 20:00:00,1,0,1158,2,0
2025_HARP13831_20251002_2200_20251003_0424,13831,2025-10-02 22:00:00,2025-10-03 04:24:00,5,0,1160,2,0
2025_HARP13831_20251003_0736_20251004_0424,13831,2025-10-03 07:36:00,2025-10-04 04:24:00,14,0,1162,2,0
2025_HARP13855_20251003_1936_20251003_1936,13855,2025-10-03 19:36:00,2025-10-03 19:36:00,1,0,1164,2,0
2025_HARP13859_20251004_0400_20251005_0224,13859,2025-10-04 04:00:00,2025-10-05 02:24:00,15,0,1166,2,0
2025_HARP13852_20251004_0800_20251005_0624,13852,2025-10-04 08:00:00,2025-10-05 06:24:00,15,0,1168,2,0
2025_HARP13859_20251005_0400_20251006_0224,13859,2025-10-05 04:00:00,2025-10-06 02:24:00,15,0,1170,2,0
2025_HARP13855_20251005_1936_20251006_1624,13855,2025-10-05 19:36:00,2025-10-06 16:24:00,14,0,1172,2,0
2025_HARP13859_20251006_0400_20251007_0224,13859,2025-10-06 04:00:00,2025-10-07 02:24:00,15,0,1174,2,0
2025_HARP13876_20251006_1324_20251007_1148,13876,2025-10-06 13:24:00,2025-10-07 11:48:00,15,0,1176,2,0
2025_HARP13866_20251006_2112_20251007_1624,13866,2025-10-06 21:12:00,2025-10-07 16:24:00,13,0,1178,2,0
2025_HARP13852_20251007_0800_20251008_0336,13852,2025-10-07 08:00:00,2025-10-08 03:36:00,13,0,1180,2,0
2025_HARP13855_20251007_2000_20251007_2312,13855,2025-10-07 20:00:00,2025-10-07 23:12:00,3,0,1182,2,0
2025_HARP13852_20251008_0712_20251008_1336,13852,2025-10-08 07:12:00,2025-10-08 13:36:00,5,0,1184,2,0
2025_HARP13876_20251008_1100_20251008_1412,13876,2025-10-08 11:00:00,2025-10-08 14:12:00,3,0,1186,2,0
2025_HARP13866_20251008_2248_20251009_1624,13866,2025-10-08 22:48:00,2025-10-09 16:24:00,12,0,1188,2,0
2025_HARP13876_20251008_2300_20251009_2124,13876,2025-10-08 23:00:00,2025-10-09 21:24:00,15,0,1190,2,0
2025_HARP13872_20251009_1936_20251010_1448,13872,2025-10-09 19:36:00,2025-10-10 14:48:00,13,0,1192,2,0
2025_HARP13876_20251009_2300_20251010_1500,13876,2025-10-09 23:00:00,2025-10-10 15:00:00,11,0,1194,2,0
2025_HARP13872_20251010_1936_20251011_1624,13872,2025-10-10 19:36:00,2025-10-11 16:24:00,14,0,1196,2,0
2025_HARP13872_20251011_1936_20251012_1624,13872,2025-10-11 19:36:00,2025-10-12 16:24:00,14,0,1198,2,0
2025_HARP13895_20251012_0400_20251013_0224,13895,2025-10-12 04:00:00,2025-10-13 02:24:00,15,0,1200,2,0
2025_HARP13872_20251012_1936_20251013_0024,13872,2025-10-12 19:36:00,2025-10-13 00:24:00,4,0,1202,2,0
2025_HARP13881_20251012_2236_20251013_2100,13881,2025-10-12 22:36:00,2025-10-13 21:00:00,15,0,1204,2,0
2025_HARP13887_20251013_0424_20251013_0424,13887,2025-10-13 04:24:00,2025-10-13 04:24:00,1,0,1206,2,0
2025_HARP13887_20251013_0736_20251013_1712,13887,2025-10-13 07:36:00,2025-10-13 17:12:00,7,0,1208,2,0
2025_HARP13883_20251013_1736_20251013_1736,13883,2025-10-13 17:36:00,2025-10-13 17:36:00,1,1,1210,2,0
2025_HARP13880_20251013_2048_20251014_0800,13880,2025-10-13 20:48:00,2025-10-14 08:00:00,8,8,1212,2,0
2025_HARP13881_20251013_2236_20251014_2112,13881,2025-10-13 22:36:00,2025-10-14 21:12:00,15,0,1214,2,0
2025_HARP13887_20251014_0736_20251015_0612,13887,2025-10-14 07:36:00,2025-10-15 06:12:00,15,0,1216,2,0
2025_HARP13881_20251014_2248_20251014_2248,13881,2025-10-14 22:48:00,2025-10-14 22:48:00,1,0,1218,2,0
2025_HARP13881_20251015_0200_20251015_1136,13881,2025-10-15 02:00:00,2025-10-15 11:36:00,7,0,1220,2,0
2025_HARP13891_20251015_1036_20251015_1036,13891,2025-10-15 10:36:00,2025-10-15 10:36:00,1,0,1222,2,0
2025_HARP13881_20251015_1836_20251016_1212,13881,2025-10-15 18:36:00,2025-10-16 12:12:00,12,0,1224,2,0
2025_HARP13887_20251015_1936_20251016_1624,13887,2025-10-15 19:36:00,2025-10-16 16:24:00,14,0,1226,2,0
2025_HARP13881_20251016_1836_20251017_1348,13881,2025-10-16 18:36:00,2025-10-17 13:48:00,13,0,1228,2,0
2025_HARP13887_20251016_1936_20251017_1312,13887,2025-10-16 19:36:00,2025-10-17 13:12:00,12,0,1230,2,0
2025_HARP13891_20251017_1912_20251018_1736,13891,2025-10-17 19:12:00,2025-10-18 17:36:00,15,0,1232,2,0
2025_HARP13909_20251018_1724_20251019_1548,13909,2025-10-18 17:24:00,2025-10-19 15:48:00,15,0,1234,2,0
2025_HARP13901_20251018_2112_20251019_1624,13901,2025-10-18 21:12:00,2025-10-19 16:24:00,13,0,1236,2,0
2025_HARP13891_20251019_1912_20251019_2048,13891,2025-10-19 19:12:00,2025-10-19 20:48:00,2,0,1238,2,0
2025_HARP13935_20251020_0812_20251021_0636,13935,2025-10-20 08:12:00,2025-10-21 06:36:00,15,0,1240,2,0
2025_HARP13911_20251020_1924_20251021_1824,13911,2025-10-20 19:24:00,2025-10-21 18:24:00,15,0,1242,2,0
2025_HARP13935_20251021_0848_20251021_1824,13935,2025-10-21 08:48:00,2025-10-21 18:24:00,7,0,1244,2,0
2025_HARP13909_20251021_2136_20251022_0712,13909,2025-10-21 21:36:00,2025-10-22 07:12:00,7,0,1246,2,0
2025_HARP13935_20251021_2136_20251022_2024,13935,2025-10-21 21:36:00,2025-10-22 20:24:00,15,0,1248,2,0
2025_HARP13901_20251022_0724_20251022_1836,13901,2025-10-22 07:24:00,2025-10-22 18:36:00,8,0,1250,2,0
2025_HARP13935_20251022_2200_20251023_0248,13935,2025-10-22 22:00:00,2025-10-23 02:48:00,4,0,1252,2,0
2025_HARP13945_20251023_0648_20251023_1212,13945,2025-10-23 06:48:00,2025-10-23 12:12:00,4,0,1254,2,0
2025_HARP13931_20251023_1936_20251024_1624,13931,2025-10-23 19:36:00,2025-10-24 16:24:00,14,0,1256,2,0
2025_HARP13930_20251024_0148_20251025_0012,13930,2025-10-24 01:48:00,2025-10-25 00:12:00,15,0,1258,2,0
2025_HARP13931_20251024_1936_20251025_1624,13931,2025-10-24 19:36:00,2025-10-25 16:24:00,14,0,1260,2,0
2025_HARP13955_20251025_0100_20251025_2324,13955,2025-10-25 01:00:00,2025-10-25 23:24:00,15,0,1262,2,0
2025_HARP13911_20251025_0736_20251025_2024,13911,2025-10-25 07:36:00,2025-10-25 20:24:00,9,0,1264,2,0
2025_HARP13929_20251026_0048_20251026_2312,13929,2025-10-26 00:48:00,2025-10-26 23:12:00,15,0,1266,2,0
2025_HARP13930_20251026_0148_20251027_0012,13930,2025-10-26 01:48:00,2025-10-27 00:12:00,15,0,1268,2,0
2025_HARP13931_20251026_1936_20251027_1312,13931,2025-10-26 19:36:00,2025-10-27 13:12:00,12,0,1270,2,0
2025_HARP13929_20251027_0048_20251027_2312,13929,2025-10-27 00:48:00,2025-10-27 23:12:00,15,0,1272,2,0
2025_HARP13930_20251027_0148_20251028_0012,13930,2025-10-27 01:48:00,2025-10-28 00:12:00,15,0,1274,2,0
2025_HARP13946_20251027_1324_20251028_1148,13946,2025-10-27 13:24:00,2025-10-28 11:48:00,15,0,1276,2,0
2025_HARP13960_20251027_2236_20251028_2112,13960,2025-10-27 22:36:00,2025-10-28 21:12:00,15,0,1278,2,0
2025_HARP13955_20251028_0100_20251028_2336,13955,2025-10-28 01:00:00,2025-10-28 23:36:00,15,0,1280,2,0
2025_HARP13946_20251028_1324_20251028_2000,13946,2025-10-28 13:24:00,2025-10-28 20:00:00,5,0,1282,2,0
2025_HARP13960_20251028_2248_20251029_1624,13960,2025-10-28 22:48:00,2025-10-29 16:24:00,12,0,1284,2,0
2025_HARP13976_20251029_0000_20251029_2300,13976,2025-10-29 00:00:00,2025-10-29 23:00:00,15,0,1286,2,0
2025_HARP13955_20251029_0736_20251029_1048,13955,2025-10-29 07:36:00,2025-10-29 10:48:00,3,0,1288,2,0
2025_HARP13946_20251029_2348_20251030_0124,13946,2025-10-29 23:48:00,2025-10-30 01:24:00,2,0,1290,2,0
2025_HARP13960_20251030_2012_20251031_0900,13960,2025-10-30 20:12:00,2025-10-31 09:00:00,9,0,1292,2,0
2025_HARP13982_20251103_0900_20251104_0724,13982,2025-11-03 09:00:00,2025-11-04 07:24:00,15,0,1294,2,0
2025_HARP13982_20251104_2148_20251105_2036,13982,2025-11-04 21:48:00,2025-11-05 20:36:00,15,0,1296,2,0
2025_HARP13999_20251106_0524_20251107_0348,13999,2025-11-06 05:24:00,2025-11-07 03:48:00,15,0,1298,2,0
2025_HARP13999_20251107_0524_20251108_0348,13999,2025-11-07 05:24:00,2025-11-08 03:48:00,15,0,1300,2,0
2025_HARP13999_20251108_0524_20251109_0348,13999,2025-11-08 05:24:00,2025-11-09 03:48:00,15,0,1302,2,0
2025_HARP14003_20251108_1300_20251109_1124,14003,2025-11-08 13:00:00,2025-11-09 11:24:00,15,0,1304,2,0
2025_HARP14018_20251109_0936_20251109_1112,14018,2025-11-09 09:36:00,2025-11-09 11:12:00,2,0,1306,2,0
2025_HARP14008_20251109_1600_20251110_1424,14008,2025-11-09 16:00:00,2025-11-10 14:24:00,15,0,1308,2,0
2025_HARP14009_20251110_1024_20251111_0848,14009,2025-11-10 10:24:00,2025-11-11 08:48:00,15,0,1310,2,0
2025_HARP14008_20251110_1600_20251111_1424,14008,2025-11-10 16:00:00,2025-11-11 14:24:00,15,0,1312,2,0
2025_HARP14009_20251111_1024_20251112_0848,14009,2025-11-11 10:24:00,2025-11-12 08:48:00,15,0,1314,2,0
2025_HARP14008_20251111_1600_20251111_1736,14008,2025-11-11 16:00:00,2025-11-11 17:36:00,2,0,1316,2,0
2025_HARP14009_20251112_1024_20251113_0900,14009,2025-11-12 10:24:00,2025-11-13 09:00:00,15,0,1318,2,0
2025_HARP14009_20251113_1036_20251114_0900,14009,2025-11-13 10:36:00,2025-11-14 09:00:00,15,0,1320,2,0
2025_HARP14008_20251113_2100_20251114_0500,14008,2025-11-13 21:00:00,2025-11-14 05:00:00,6,0,1322,2,0
2025_HARP14024_20251114_1236_20251115_1100,14024,2025-11-14 12:36:00,2025-11-15 11:00:00,15,0,1324,2,0
2025_HARP14024_20251115_1236_20251116_1100,14024,2025-11-15 12:36:00,2025-11-16 11:00:00,15,0,1326,2,0
2025_HARP14054_20251116_0912_20251117_0424,14054,2025-11-16 09:12:00,2025-11-17 04:24:00,13,0,1328,2,0
2025_HARP14024_20251116_1412_20251117_1236,14024,2025-11-16 14:12:00,2025-11-17 12:36:00,15,0,1330,2,0
2025_HARP14059_20251117_1048_20251118_0248,14059,2025-11-17 10:48:00,2025-11-18 02:48:00,11,0,1332,2,0
2025_HARP14024_20251117_1412_20251117_2348,14024,2025-11-17 14:12:00,2025-11-17 23:48:00,7,0,1334,2,0
2025_HARP14045_20251118_1348_20251118_1348,14045,2025-11-18 13:48:00,2025-11-18 13:48:00,1,0,1336,2,0
2025_HARP14056_20251120_2248_20251121_1624,14056,2025-11-20 22:48:00,2025-11-21 16:24:00,12,0,1338,2,0
2025_HARP14056_20251121_1936_20251122_1624,14056,2025-11-21 19:36:00,2025-11-22 16:24:00,14,0,1340,2,0
2025_HARP14056_20251122_1936_20251123_0336,14056,2025-11-22 19:36:00,2025-11-23 03:36:00,6,0,1342,2,0
2025_HARP14060_20251123_0736_20251124_0424,14060,2025-11-23 07:36:00,2025-11-24 04:24:00,14,0,1344,2,0
2025_HARP14056_20251123_0824_20251123_1624,14056,2025-11-23 08:24:00,2025-11-23 16:24:00,6,0,1346,2,0
2025_HARP14056_20251123_1936_20251124_1448,14056,2025-11-23 19:36:00,2025-11-24 14:48:00,13,0,1348,2,0
2025_HARP14060_20251124_0736_20251124_1536,14060,2025-11-24 07:36:00,2025-11-24 15:36:00,6,0,1350,2,0
2025_HARP14063_20251124_1548_20251124_1548,14063,2025-11-24 15:48:00,2025-11-24 15:48:00,1,0,1352,2,0
2025_HARP14063_20251124_2036_20251125_1724,14063,2025-11-24 20:36:00,2025-11-25 17:24:00,14,0,1354,2,0
2025_HARP14057_20251124_2324_20251124_2324,14057,2025-11-24 23:24:00,2025-11-24 23:24:00,1,0,1356,2,0
2025_HARP14060_20251125_0736_20251125_1048,14060,2025-11-25 07:36:00,2025-11-25 10:48:00,3,0,1358,2,0
2025_HARP14081_20251125_1512_20251126_1348,14081,2025-11-25 15:12:00,2025-11-26 13:48:00,15,0,1360,2,0
2025_HARP14063_20251125_2048_20251126_1912,14063,2025-11-25 20:48:00,2025-11-26 19:12:00,15,0,1362,2,0
2025_HARP14060_20251126_1412_20251127_0748,14060,2025-11-26 14:12:00,2025-11-27 07:48:00,12,0,1364,2,0
2025_HARP14073_20251126_1948_20251127_1812,14073,2025-11-26 19:48:00,2025-11-27 18:12:00,15,0,1366,2,0
2025_HARP14090_20251127_0700_20251128_0524,14090,2025-11-27 07:00:00,2025-11-28 05:24:00,15,0,1368,2,0
2025_HARP14073_20251127_1948_20251128_1812,14073,2025-11-27 19:48:00,2025-11-28 18:12:00,15,0,1370,2,0
2025_HARP14090_20251128_0700_20251129_0524,14090,2025-11-28 07:00:00,2025-11-29 05:24:00,15,0,1372,2,0
2025_HARP14073_20251128_1948_20251129_1324,14073,2025-11-28 19:48:00,2025-11-29 13:24:00,12,0,1374,2,0
2025_HARP14090_20251129_0700_20251129_1324,14090,2025-11-29 07:00:00,2025-11-29 13:24:00,5,0,1376,2,0
2025_HARP14108_20251129_1624_20251129_1624,14108,2025-11-29 16:24:00,2025-11-29 16:24:00,1,0,1378,2,0
2025_HARP14090_20251129_1636_20251130_1500,14090,2025-11-29 16:36:00,2025-11-30 15:00:00,15,0,1380,2,0
2025_HARP14108_20251129_1936_20251130_1624,14108,2025-11-29 19:36:00,2025-11-30 16:24:00,14,0,1382,2,0
2025_HARP14108_20251130_1936_20251201_1624,14108,2025-11-30 19:36:00,2025-12-01 16:24:00,14,0,1384,2,0
2025_HARP14108_20251201_1936_20251202_1624,14108,2025-12-01 19:36:00,2025-12-02 16:24:00,14,0,1386,2,0
2025_HARP14111_20251203_1148_20251203_1536,14111,2025-12-03 11:48:00,2025-12-03 15:36:00,3,0,1388,2,0
2025_HARP14115_20251204_0336_20251204_1624,14115,2025-12-04 03:36:00,2025-12-04 16:24:00,9,0,1390,2,0
2025_HARP14117_20251204_1236_20251205_1100,14117,2025-12-04 12:36:00,2025-12-05 11:00:00,15,11,1392,2,0
2025_HARP14111_20251205_0736_20251206_0424,14111,2025-12-05 07:36:00,2025-12-06 04:24:00,14,3,1394,2,0
2025_HARP14124_20251205_1612_20251206_1436,14124,2025-12-05 16:12:00,2025-12-06 14:36:00,15,0,1396,2,0
2025_HARP14111_20251206_0736_20251207_0424,14111,2025-12-06 07:36:00,2025-12-07 04:24:00,14,14,1398,2,0
2025_HARP14124_20251206_1612_20251207_1436,14124,2025-12-06 16:12:00,2025-12-07 14:36:00,15,0,1400,2,0
2025_HARP14111_20251207_0736_20251207_2200,14111,2025-12-07 07:36:00,2025-12-07 22:00:00,10,10,1402,2,0
2025_HARP14117_20251207_1236_20251207_2036,14117,2025-12-07 12:36:00,2025-12-07 20:36:00,6,6,1404,2,0
2025_HARP14115_20251207_1936_20251208_1312,14115,2025-12-07 19:36:00,2025-12-08 13:12:00,12,0,1406,2,0
2025_HARP14138_20251208_1012_20251209_0836,14138,2025-12-08 10:12:00,2025-12-09 08:36:00,15,0,1408,2,0
2025_HARP14117_20251208_2348_20251209_1724,14117,2025-12-08 23:48:00,2025-12-09 17:24:00,12,1,1410,2,0
2025_HARP14143_20251209_1536_20251210_0424,14143,2025-12-09 15:36:00,2025-12-10 04:24:00,9,0,1412,2,0
2025_HARP14143_20251210_0736_20251210_1712,14143,2025-12-10 07:36:00,2025-12-10 17:12:00,7,0,1414,2,0
2025_HARP14156_20251210_1136_20251210_1624,14156,2025-12-10 11:36:00,2025-12-10 16:24:00,4,0,1416,2,0
2025_HARP14143_20251210_2036_20251211_1900,14143,2025-12-10 20:36:00,2025-12-11 19:00:00,15,0,1418,2,0
2025_HARP14156_20251211_1948_20251212_1812,14156,2025-12-11 19:48:00,2025-12-12 18:12:00,15,0,1420,2,0
2025_HARP14143_20251212_0748_20251212_1236,14143,2025-12-12 07:48:00,2025-12-12 12:36:00,4,0,1422,2,0
2025_HARP14156_20251212_1948_20251213_1812,14156,2025-12-12 19:48:00,2025-12-13 18:12:00,15,0,1424,2,0
2025_HARP14156_20251213_1948_20251214_1636,14156,2025-12-13 19:48:00,2025-12-14 16:36:00,14,0,1426,2,0
2025_HARP14172_20251214_1448_20251214_1448,14172,2025-12-14 14:48:00,2025-12-14 14:48:00,1,0,1428,2,0
2025_HARP14165_20251215_0124_20251215_2348,14165,2025-12-15 01:24:00,2025-12-15 23:48:00,15,0,1430,2,0
2025_HARP14172_20251215_1048_20251216_0424,14172,2025-12-15 10:48:00,2025-12-16 04:24:00,12,0,1432,2,0
2025_HARP14172_20251216_0736_20251216_0912,14172,2025-12-16 07:36:00,2025-12-16 09:12:00,2,0,1434,2,0
2025_HARP14165_20251218_0148_20251219_0012,14165,2025-12-18 01:48:00,2025-12-19 00:12:00,15,0,1436,2,0
2025_HARP14165_20251219_0148_20251219_2236,14165,2025-12-19 01:48:00,2025-12-19 22:36:00,14,0,1438,2,0
2025_HARP14177_20251219_2048_20251220_1912,14177,2025-12-19 20:48:00,2025-12-20 19:12:00,15,0,1440,2,0
2025_HARP14177_20251220_2048_20251221_1912,14177,2025-12-20 20:48:00,2025-12-21 19:12:00,15,0,1442,2,0
2025_HARP14176_20251221_1836_20251222_1700,14176,2025-12-21 18:36:00,2025-12-22 17:00:00,15,0,1444,2,0
2025_HARP14177_20251221_2048_20251222_1736,14177,2025-12-21 20:48:00,2025-12-22 17:36:00,14,0,1446,2,0
2025_HARP14176_20251222_1836_20251223_1700,14176,2025-12-22 18:36:00,2025-12-23 17:00:00,15,0,1448,2,0
2025_HARP14177_20251222_2048_20251223_0448,14177,2025-12-22 20:48:00,2025-12-23 04:48:00,6,0,1450,2,0
2025_HARP14176_20251223_1836_20251224_0424,14176,2025-12-23 18:36:00,2025-12-24 04:24:00,7,0,1452,2,0
2025_HARP14176_20251224_0736_20251225_0424,14176,2025-12-24 07:36:00,2025-12-25 04:24:00,14,0,1454,2,0
2025_HARP14187_20251224_2048_20251225_1912,14187,2025-12-24 20:48:00,2025-12-25 19:12:00,15,0,1456,2,0
2025_HARP14191_20251225_1236_20251226_1100,14191,2025-12-25 12:36:00,2025-12-26 11:00:00,15,0,1458,2,0
2025_HARP14187_20251225_2048_20251226_0800,14187,2025-12-25 20:48:00,2025-12-26 08:00:00,8,0,1460,2,0
2025_HARP14191_20251226_1236_20251227_1100,14191,2025-12-26 12:36:00,2025-12-27 11:00:00,15,9,1462,2,0
2025_HARP14200_20251226_1900_20251227_1724,14200,2025-12-26 19:00:00,2025-12-27 17:24:00,15,0,1464,2,0
2025_HARP14191_20251227_1236_20251228_1100,14191,2025-12-27 12:36:00,2025-12-28 11:00:00,15,15,1466,2,0
2025_HARP14200_20251227_1900_20251228_1724,14200,2025-12-27 19:00:00,2025-12-28 17:24:00,15,0,1468,2,0
2025_HARP14191_20251228_1236_20251228_2348,14191,2025-12-28 12:36:00,2025-12-28 23:48:00,8,6,1470,2,0
2025_HARP14205_20251228_1736_20251229_1600,14205,2025-12-28 17:36:00,2025-12-29 16:00:00,15,0,1472,2,0
2025_HARP14230_20251229_1236_20251229_1236,14230,2025-12-29 12:36:00,2025-12-29 12:36:00,1,0,1474,2,0
2025_HARP14200_20251229_1900_20251230_0436,14200,2025-12-29 19:00:00,2025-12-30 04:36:00,7,0,1476,2,0
2025_HARP14205_20251230_0800_20251231_0200,14205,2025-12-30 08:00:00,2025-12-31 02:00:00,12,0,1478,2,0
2025_HARP14220_20251230_1612_20251230_1748,14220,2025-12-30 16:12:00,2025-12-30 17:48:00,2,2,1480,2,0
2025_HARP14215_20251231_1000_20251231_1624,14215,2025-12-31 10:00:00,2025-12-31 16:24:00,5,0,1482,2,0
2025_HARP14220_20251231_2124_20251231_2300,14220,2025-12-31 21:24:00,2025-12-31 23:00:00,2,0,1484,2,0
