block_id,status,n_targets,n_pending_at_start,n_saved_this_run,elapsed_minutes,message
2025_HARP12511_20250101_0100_20250101_0412,already_complete,3,,0,0.0,all_samples_already_in_gcp
2025_HARP12506_20250101_0836_20250102_0724,already_complete,15,,0,0.0,all_samples_already_in_gcp
2025_HARP12511_20250101_2024_20250101_2024,already_complete,1,,0,0.0,all_samples_already_in_gcp
2025_HARP12506_20250102_0900_20250103_0724,already_complete,15,,0,0.0,all_samples_already_in_gcp
2025_HARP12511_20250102_1248_20250103_1148,already_complete,15,,0,0.0,all_samples_already_in_gcp
2025_HARP12506_20250103_0900_20250104_0724,already_complete,15,,0,0.0,all_samples_already_in_gcp
2025_HARP12515_20250103_2036_20250104_0612,already_complete,7,,0,0.0,all_samples_already_in_gcp
2025_HARP12535_20250104_0800_20250105_0624,already_complete,15,,0,0.0,all_samples_already_in_gcp
2025_HARP12515_20250104_0924_20250105_0748,already_complete,15,,0,0.0,all_samples_already_in_gcp
2025_HARP12540_20250104_1512_20250105_1336,already_complete,15,,0,0.0,all_samples_already_in_gcp
2025_HARP12535_20250105_0800_20250106_0624,already_complete,15,,0,0.0,all_samples_already_in_gcp
2025_HARP12515_20250105_0924_20250106_0748,already_complete,15,,0,0.0,all_samples_already_in_gcp
2025_HARP12532_20250106_0000_20250106_1736,already_complete,12,,0,0.0,all_samples_already_in_gcp
2025_HARP12535_20250106_0800_20250106_1736,already_complete,7,,0,0.0,all_samples_already_in_gcp
2025_HARP12540_20250106_1336_20250107_1200,already_complete,15,,0,0.0,all_samples_already_in_gcp
2025_HARP12515_20250106_2036_20250107_1724,already_complete,14,,0,0.0,all_samples_already_in_gcp
2025_HARP12535_20250106_2048_20250107_1924,already_complete,15,,0,0.0,all_samples_already_in_gcp
2025_HARP12540_20250107_1336_20250107_2324,already_complete,7,,0,0.0,all_samples_already_in_gcp
2025_HARP12532_20250107_2100_20250108_0012,already_complete,3,,0,0.0,all_samples_already_in_gcp
2025_HARP12537_20250107_2300_20250108_0036,already_complete,2,,0,0.0,all_samples_already_in_gcp
2025_HARP12515_20250108_0800_20250108_1248,already_complete,4,,0,0.0,all_samples_already_in_gcp
2025_HARP12535_20250108_0812_20250108_1300,already_complete,4,,0,0.0,all_samples_already_in_gcp
2025_HARP12546_20250108_0900_20250108_1212,already_complete,3,,0,0.0,all_samples_already_in_gcp
2025_HARP12546_20250108_1912_20250109_1736,already_complete,15,,0,0.0,all_samples_already_in_gcp
2025_HARP12537_20250108_2024_20250109_0424,already_complete,6,,0,0.0,all_samples_already_in_gcp
2025_HARP12546_20250109_1912_20250110_1624,already_complete,14,,0,0.0,all_samples_already_in_gcp
2025_HARP12537_20250109_2200_20250110_0424,already_complete,5,,0,0.0,all_samples_already_in_gcp
2025_HARP12567_20250110_1612_20250111_0500,already_complete,9,,0,0.0,all_samples_already_in_gcp
2025_HARP12537_20250111_1000_20250111_1448,already_complete,4,,0,0.0,all_samples_already_in_gcp
2025_HARP12546_20250111_1024_20250111_1512,already_complete,4,,0,0.0,all_samples_already_in_gcp
2025_HARP12567_20250111_2212_20250112_0612,already_complete,6,,0,0.0,all_samples_already_in_gcp
2025_HARP12567_20250112_1124_20250113_0636,already_complete,13,,0,0.0,all_samples_already_in_gcp
2025_HARP12572_20250112_1936_20250113_0648,already_complete,8,,0,0.0,all_samples_already_in_gcp
2025_HARP12572_20250113_1036_20250114_0548,already_complete,13,,0,0.0,all_samples_already_in_gcp
2025_HARP12576_20250114_0324_20250114_0636,already_complete,3,,0,0.0,all_samples_already_in_gcp
2025_HARP12567_20250114_0924_20250115_0300,already_complete,12,,0,0.0,all_samples_already_in_gcp
2025_HARP12597_20250114_1000_20250114_1000,already_complete,1,,0,0.0,all_samples_already_in_gcp
2025_HARP12572_20250114_1112_20250115_0624,completed,13,13.0,13,11.284,success
2025_HARP12576_20250115_0400_20250115_0536,completed,2,2.0,2,7.31,success
2025_HARP12598_20250115_1000_20250115_1312,completed,3,3.0,3,7.732,success
2025_HARP12598_20250115_2100_20250116_0636,completed,7,7.0,7,10.54,success
2025_HARP12597_20250115_2112_20250116_0512,completed,6,6.0,6,8.484,success
2025_HARP12572_20250116_0924_20250116_1548,completed,5,5.0,5,9.217,success
2025_HARP12611_20250116_1000_20250116_1624,completed,5,5.0,5,7.689,success
2025_HARP12598_20250116_1048_20250116_1848,completed,6,6.0,6,9.495,success
2025_HARP12572_20250116_1900_20250116_1900,completed,1,1.0,1,7.527,success
2025_HARP12611_20250116_1936_20250117_0524,completed,7,7.0,7,16.482,success
2025_HARP12572_20250116_2224_20250117_0000,completed,2,2.0,2,7.819,success
2025_HARP12576_20250117_1000_20250117_1624,completed,5,5.0,5,7.587,success
2025_HARP12598_20250117_1036_20250118_0548,completed,13,13.0,13,11.818,success
2025_HARP12492_20250101_0100_20250101_2348,already_complete,15,,0,0.0,all_samples_already_in_gcp
2025_HARP12519_20250101_0124_20250101_0612,already_complete,4,,0,0.0,all_samples_already_in_gcp
2025_HARP12511_20250101_1024_20250101_1648,already_complete,5,,0,0.0,all_samples_already_in_gcp
2025_HARP12492_20250102_0124_20250102_2348,already_complete,15,,0,0.0,all_samples_already_in_gcp
2025_HARP12511_20250102_0912_20250102_0912,already_complete,1,,0,0.0,all_samples_already_in_gcp
2025_HARP12492_20250103_0124_20250103_0300,already_complete,2,,0,0.0,all_samples_already_in_gcp
2025_HARP12511_20250103_1324_20250104_1148,already_complete,15,,0,0.0,all_samples_already_in_gcp
2025_HARP12541_20250104_0712_20250105_0536,already_complete,15,,0,0.0,all_samples_already_in_gcp
2025_HARP12506_20250104_0900_20250105_0724,already_complete,15,,0,0.0,all_samples_already_in_gcp
2025_HARP12511_20250104_1324_20250104_1324,already_complete,1,,0,0.0,all_samples_already_in_gcp
2025_HARP12541_20250105_0712_20250106_0536,already_complete,15,,0,0.0,all_samples_already_in_gcp
2025_HARP12506_20250105_0900_20250105_2012,already_complete,8,,0,0.0,all_samples_already_in_gcp
2025_HARP12540_20250105_1512_20250106_1024,already_complete,13,,0,0.0,all_samples_already_in_gcp
2025_HARP12541_20250106_0712_20250106_1024,already_complete,3,,0,0.0,all_samples_already_in_gcp
2025_HARP12515_20250106_0924_20250106_1724,already_complete,6,,0,0.0,all_samples_already_in_gcp
2025_HARP12541_20250106_1336_20250106_2000,already_complete,5,,0,0.0,all_samples_already_in_gcp
2025_HARP12532_20250106_2048_20250107_1924,already_complete,15,,0,0.0,all_samples_already_in_gcp
2025_HARP12546_20250107_0224_20250107_2324,already_complete,14,,0,0.0,all_samples_already_in_gcp
2025_HARP12515_20250107_2048_20250108_0000,already_complete,3,,0,0.0,all_samples_already_in_gcp
2025_HARP12535_20250107_2100_20250108_0012,already_complete,3,,0,0.0,all_samples_already_in_gcp
2025_HARP12537_20250108_0700_20250108_1324,already_complete,5,,0,0.0,all_samples_already_in_gcp
2025_HARP12532_20250108_0812_20250108_1300,already_complete,4,,0,0.0,all_samples_already_in_gcp
2025_HARP12540_20250108_0900_20250108_1212,already_complete,3,,0,0.0,all_samples_already_in_gcp
2025_HARP12540_20250108_1912_20250109_0800,already_complete,9,,0,0.0,all_samples_already_in_gcp
2025_HARP12532_20250108_2000_20250109_1824,already_complete,15,,0,0.0,all_samples_already_in_gcp
2025_HARP12537_20250109_0736_20250109_1848,already_complete,8,,0,0.0,all_samples_already_in_gcp
2025_HARP12532_20250109_2000_20250110_0912,already_complete,9,,0,0.0,all_samples_already_in_gcp
2025_HARP12537_20250110_0800_20250111_0448,already_complete,14,,0,0.0,all_samples_already_in_gcp
2025_HARP12546_20250110_1936_20250111_0648,already_complete,8,,0,0.0,all_samples_already_in_gcp
2025_HARP12567_20250111_1012_20250111_1500,already_complete,4,,0,0.0,all_samples_already_in_gcp
2025_HARP12537_20250111_2200_20250112_0424,already_complete,5,,0,0.0,all_samples_already_in_gcp
2025_HARP12537_20250112_1112_20250112_1112,already_complete,1,,0,0.0,all_samples_already_in_gcp
2025_HARP12572_20250112_1312_20250112_1624,already_complete,3,,0,0.0,all_samples_already_in_gcp
2025_HARP12567_20250113_1024_20250114_0536,already_complete,13,,0,0.0,all_samples_already_in_gcp
2025_HARP12597_20250114_0124_20250114_0436,already_complete,3,,0,0.0,all_samples_already_in_gcp
2025_HARP12598_20250114_0536_20250114_0536,already_complete,1,,0,0.0,all_samples_already_in_gcp
2025_HARP12598_20250114_0924_20250115_0612,already_complete,14,,0,0.0,all_samples_already_in_gcp
2025_HARP12576_20250114_1024_20250115_0048,already_complete,10,,0,0.0,all_samples_already_in_gcp
2025_HARP12597_20250114_1412_20250114_1412,already_complete,1,,0,0.0,all_samples_already_in_gcp
2025_HARP12576_20250115_0924_20250115_1236,already_complete,3,,0,0.0,all_samples_already_in_gcp
2025_HARP12572_20250115_1012_20250115_1324,already_complete,3,,0,0.0,all_samples_already_in_gcp
2025_HARP12572_20250115_2112_20250116_0512,already_complete,6,,0,0.0,all_samples_already_in_gcp
2025_HARP12576_20250115_2200_20250116_0424,already_complete,5,,0,0.0,all_samples_already_in_gcp
2025_HARP12597_20250116_0924_20250116_1548,already_complete,5,,0,0.0,all_samples_already_in_gcp
2025_HARP12576_20250116_1012_20250117_0536,already_complete,13,,0,0.0,all_samples_already_in_gcp
2025_HARP12579_20250116_1836_20250117_0424,already_complete,7,,0,0.0,all_samples_already_in_gcp
2025_HARP12597_20250116_1900_20250116_1900,already_complete,1,,0,0.0,all_samples_already_in_gcp
2025_HARP12598_20250116_2212_20250117_0612,already_complete,6,,0,0.0,all_samples_already_in_gcp
2025_HARP12597_20250116_2224_20250117_0624,already_complete,6,,0,0.0,all_samples_already_in_gcp
2025_HARP12579_20250117_1024_20250118_0536,already_complete,13,,0,0.0,all_samples_already_in_gcp
2025_HARP12597_20250117_1048_20250117_1536,completed,4,4.0,4,1.037,success
2025_HARP12576_20250117_1936_20250118_0512,completed,7,7.0,7,9.469,success
2025_HARP12579_20250118_1000_20250118_1624,completed,5,5.0,5,9.463,success
2025_HARP12579_20250118_1936_20250119_0512,completed,7,7.0,7,10.267,success
2025_HARP12589_20250119_1124_20250120_0500,completed,12,12.0,1,11.99,11 sample errors retained for retry
2025_HARP12600_20250120_1012_20250121_0536,completed,13,13.0,13,21.773,success
2025_HARP12589_20250120_1100_20250120_1724,completed,5,5.0,0,10.175,5 sample errors retained for retry
2025_HARP12579_20250121_0436_20250121_0612,completed,2,2.0,2,7.927,success
2025_HARP12600_20250121_1136_20250121_1624,completed,4,4.0,4,9.307,success
2025_HARP12623_20250122_0412_20250122_0412,completed,1,1.0,1,6.782,success
2025_HARP12623_20250122_1024_20250123_0624,completed,13,13.0,13,20.176,success
2025_HARP12600_20250122_1936_20250122_2112,completed,2,2.0,0,6.771,2 sample errors retained for retry
2025_HARP12589_20250123_0924_20250123_2224,completed,9,9.0,1,17.184,8 sample errors retained for retry
2025_HARP12623_20250123_1048_20250124_0424,completed,12,12.0,12,11.378,success
2025_HARP12600_20250124_1000_20250124_1624,error,5,,0,,RuntimeError('Downloaded 335 Å segment does not cover all target timestamps within 180 seconds.')
2025_HARP12643_20250124_1124_20250125_0500,error,12,,0,,RuntimeError('Downloaded 335 Å segment does not cover all target timestamps within 180 seconds.')
2025_HARP12643_20250125_0912_20250126_0424,completed,13,13,13,11.168,success
2025_HARP12623_20250126_0912_20250126_1224,completed,3,3,3,7.169,success
2025_HARP12643_20250126_1012_20250127_0524,completed,13,13,13,11.237,success
2025_HARP12660_20250127_0924_20250127_1724,completed,6,6,6,9.041,success
2025_HARP12660_20250127_2036_20250128_0612,completed,7,7,7,9.448,success
2025_HARP12660_20250129_1012_20250130_0424,completed,12,12,12,17.694,success
2025_HARP12657_20250130_1012_20250131_0524,completed,13,13,13,13.469,success
2025_HARP12657_20250131_0924_20250201_0612,completed,14,14,14,14.282,success
2025_HARP12679_20250201_1748_20250202_0548,completed,8,8,8,17.027,success
2025_HARP12667_20250202_0912_20250203_0424,completed,13,13,13,14.391,success
2025_HARP12679_20250202_1112_20250203_0624,completed,13,13,13,13.265,success
2025_HARP12679_20250203_1012_20250204_0524,completed,13,13,13,13.259,success
2025_HARP12701_20250204_0124_20250204_0612,completed,4,4,4,8.123,success
2025_HARP12667_20250204_1024_20250205_0924,completed,15,15,15,23.134,success
2025_HARP12701_20250204_1936_20250205_0512,completed,7,7,7,10.344,success
2025_HARP12679_20250205_0812_20250206_0512,completed,14,14,14,21.056,success
2025_HARP12667_20250205_1100_20250205_1724,completed,5,5,5,10.045,success
2025_HARP12703_20250205_2048_20250206_1912,completed,15,15,15,11.561,success
2025_HARP12701_20250206_2024_20250207_0424,completed,6,6,6,9.821,success
2025_HARP12701_20250207_0736_20250208_0424,completed,14,14,14,11.834,success
2025_HARP12703_20250207_2048_20250208_1912,completed,15,15,15,12.279,success
2025_HARP12708_20250208_1412_20250209_1236,completed,15,15,15,12.742,success
2025_HARP12712_20250209_1000_20250209_1624,completed,5,5,5,9.536,success
2025_HARP12712_20250209_1936_20250210_1624,completed,14,14,14,11.92,success
2025_HARP12708_20250210_1100_20250211_0924,completed,15,15,15,12.155,success
2025_HARP12713_20250210_2300_20250211_2124,completed,15,15,15,12.06,success
2025_HARP12712_20250211_1936_20250212_1624,completed,14,14,14,13.656,success
2025_HARP12713_20250211_2300_20250212_2148,completed,15,15,15,18.96,success
2025_HARP12712_20250212_2000_20250213_1824,completed,15,15,15,13.942,success
2025_HARP12752_20250213_1324_20250214_1148,completed,15,15,15,11.354,success
2025_HARP12765_20250213_1948_20250214_1812,completed,15,15,15,11.794,success
2025_HARP12713_20250213_2324_20250214_0548,completed,5,5,5,8.971,success
2025_HARP12752_20250214_1324_20250215_1148,completed,15,15,15,11.644,success
2025_HARP12765_20250214_1948_20250214_2300,completed,3,3,3,7.509,success
2025_HARP12752_20250215_1324_20250216_1148,completed,15,15,15,11.116,success
2025_HARP12733_20250216_0948_20250217_0812,completed,15,15,15,14.981,success
2025_HARP12732_20250216_1812_20250216_2124,completed,3,3,3,8.851,success
2025_HARP12732_20250217_0036_20250217_2300,completed,15,15,15,14.467,success
2025_HARP12733_20250217_0948_20250218_0812,completed,15,15,15,14.789,success
2025_HARP12755_20250218_0324_20250219_0148,completed,15,15,0,13.527,15 sample errors retained for retry
2025_HARP12768_20250218_2312_20250219_2148,completed,15,15,15,21.067,success
2025_HARP12768_20250219_2324_20250220_2148,completed,15,15,15,14.624,success
2025_HARP12793_20250220_1624_20250220_1624,completed,1,1,1,7.869,success
2025_HARP12793_20250220_1936_20250221_1624,completed,14,14,14,12.203,success
2025_HARP12755_20250221_1936_20250221_2112,completed,2,2,2,8.021,success
2025_HARP12768_20250221_2324_20250222_2148,completed,15,15,15,14.806,success
2025_HARP12807_20250222_1236_20250223_1100,completed,15,15,15,11.509,success
2025_HARP12768_20250222_2324_20250223_1524,completed,11,11,11,11.967,success
2025_HARP12793_20250223_1936_20250224_1624,completed,14,14,14,11.625,success
2025_HARP12798_20250224_1336_20250225_1200,completed,15,15,15,12.55,success
2025_HARP12810_20250225_0100_20250225_2324,error,15,,0,,RuntimeError('Downloaded 94 Å segment does not cover all target timestamps within 180 seconds.')
2025_HARP12798_20250225_2000_20250226_0536,completed,7,7,7,9.648,success
2025_HARP12810_20250226_0100_20250226_0412,completed,3,3,3,7.607,success
2025_HARP12798_20250226_2100_20250227_1936,completed,14,14,14,25.141,success
2025_HARP12810_20250227_0512_20250227_1136,completed,5,5,5,9.507,success
2025_HARP12810_20250227_1612_20250228_1500,completed,15,15,15,18.383,success
2025_HARP12798_20250227_2112_20250228_1624,completed,13,13,13,11.362,success
2025_HARP12808_20250228_0500_20250301_0324,completed,15,15,0,14.375,15 sample errors retained for retry
2025_HARP12798_20250228_1936_20250301_0200,completed,5,5,5,9.749,success
2025_HARP12808_20250301_0500_20250302_0324,completed,15,15,0,13.786,15 sample errors retained for retry
2025_HARP12806_20250302_0448_20250302_1600,completed,8,8,8,11.181,success
2025_HARP12808_20250302_1300_20250303_1124,completed,15,15,0,13.73,15 sample errors retained for retry
2025_HARP12808_20250303_1436_20250303_1748,completed,3,3,0,14.883,3 sample errors retained for retry
2025_HARP12865_20250303_2136_20250304_2000,completed,15,15,15,11.57,success
2025_HARP12865_20250304_2136_20250305_0048,completed,3,3,3,7.117,success
2025_HARP12853_20250305_2136_20250306_2000,completed,15,15,15,14.725,success
2025_HARP12861_20250306_1136_20250306_1624,completed,4,4,4,9.943,success
2025_HARP12853_20250306_2136_20250307_2000,completed,15,15,15,14.521,success
2025_HARP12861_20250307_1936_20250307_2112,completed,2,2,2,7.308,success
2025_HARP12853_20250308_0100_20250308_2324,completed,15,15,15,15.07,success
2025_HARP12861_20250309_0036_20250309_2300,completed,15,15,15,11.609,success
2025_HARP12873_20250309_1100_20250310_0924,completed,15,15,15,11.58,success
2025_HARP12861_20250310_0036_20250310_1636,completed,11,11,11,10.804,success
2025_HARP12873_20250310_1100_20250311_0924,completed,15,15,15,11.466,success
2025_HARP12861_20250310_1948_20250310_2148,completed,2,2,2,13.33,success
2025_HARP12879_20250311_0400_20250312_0248,error,15,,0,,RuntimeError('Downloaded 94 Å segment does not cover all target timestamps within 180 seconds.')
2025_HARP12888_20250311_1100_20250312_0948,completed,15,15,15,20.819,success
2025_HARP12879_20250312_0424_20250312_0424,completed,1,1,1,7.142,success
2025_HARP12873_20250312_1124_20250312_2136,error,7,,0,,RuntimeError('Downloaded 211 Å segment does not cover all target timestamps within 180 seconds.')
2025_HARP12885_20250312_1624_20250312_1624,completed,1,1,1,7.363,success
2025_HARP12879_20250312_2100_20250313_1924,completed,15,15,15,14.638,success
2025_HARP12889_20250313_0800_20250314_0624,completed,15,15,15,15.268,success
2025_HARP12885_20250313_2012_20250314_0412,completed,6,6,6,9.558,success
2025_HARP12869_20250314_0224_20250314_0536,completed,3,3,3,7.521,success
2025_HARP12879_20250314_0848_20250315_0712,completed,15,15,15,12.91,success
2025_HARP12885_20250314_0936_20250315_0800,completed,15,15,15,13.704,success
2025_HARP12906_20250314_1524_20250315_1348,completed,15,15,15,12.069,success
2025_HARP12879_20250315_0848_20250315_1512,completed,5,5,5,9.555,success
2025_HARP12893_20250315_1236_20250316_1100,completed,15,15,15,15.49,success
2025_HARP12906_20250315_1524_20250316_1348,completed,15,15,15,11.631,success
2025_HARP12893_20250316_1236_20250317_1100,completed,15,15,15,14.561,success
2025_HARP12930_20250316_1400_20250317_0424,completed,10,10,10,10.636,success
2025_HARP12889_20250317_0212_20250317_1148,completed,7,7,7,11.878,success
2025_HARP12893_20250317_1236_20250318_1100,completed,15,15,15,15.238,success
2025_HARP12889_20250317_1500_20250318_0212,completed,8,8,8,10.972,success
2025_HARP12933_20250317_1936_20250318_1624,completed,14,14,14,11.32,success
2025_HARP12907_20250318_0736_20250318_2024,completed,9,9,9,12.799,success
2025_HARP12893_20250318_1236_20250318_1724,completed,4,4,4,9.966,success
2025_HARP12933_20250318_1936_20250318_1936,completed,1,1,1,6.795,success
2025_HARP12893_20250318_2036_20250318_2036,completed,1,1,1,7.488,success
2025_HARP12907_20250318_2348_20250319_1724,completed,12,12,12,14.439,success
2025_HARP12923_20250319_0224_20250320_0100,completed,15,15,15,21.805,success
2025_HARP12955_20250319_1948_20250320_1812,completed,15,15,15,11.402,success
2025_HARP12933_20250320_0224_20250321_0048,completed,15,15,15,12.432,success
2025_HARP12955_20250320_1948_20250321_1812,completed,15,15,15,11.097,success
2025_HARP12933_20250321_0224_20250322_0048,completed,15,15,15,11.596,success
2025_HARP12941_20250321_1712_20250322_0424,completed,8,8,8,10.785,success
2025_HARP12907_20250321_2048_20250322_1424,completed,12,12,12,13.88,success
2025_HARP12923_20250322_0236_20250323_0100,completed,15,15,15,13.11,success
2025_HARP12923_20250323_0236_20250323_1212,completed,7,7,7,10.674,success
2025_HARP12941_20250324_0736_20250325_0424,completed,14,14,14,12.22,success
2025_HARP12941_20250325_0736_20250326_0000,completed,11,11,11,20.144,success
2025_HARP12962_20250325_1124_20250326_1012,completed,15,15,15,21.529,success
2025_HARP12962_20250326_1148_20250326_2200,error,7,,0,,RuntimeError('Downloaded 94 Å segment does not cover all target timestamps within 180 seconds.')
2025_HARP12962_20250327_0112_20250327_0424,completed,3,3,3,8.596,success
2025_HARP12962_20250327_0736_20250328_0424,completed,14,14,14,12.983,success
2025_HARP12961_20250328_0212_20250329_0036,completed,15,15,0,13.657,15 sample errors retained for retry
2025_HARP12961_20250329_0212_20250329_0212,completed,1,1,0,7.367,1 sample errors retained for retry
2025_HARP12961_20250329_0524_20250329_1812,completed,9,9,0,10.126,9 sample errors retained for retry
2025_HARP12961_20250329_2124_20250329_2300,completed,2,2,0,8.12,2 sample errors retained for retry
2025_HARP12961_20250330_2300_20250331_1812,completed,13,13,0,13.583,13 sample errors retained for retry
2025_HARP13011_20250331_1948_20250401_1636,completed,14,14,14,11.193,success
2025_HARP12961_20250401_0036_20250401_0036,completed,1,1,0,8.226,1 sample errors retained for retry
2025_HARP12997_20250401_0924_20250401_1724,completed,6,6,6,10.302,success
2025_HARP12993_20250402_0236_20250402_1212,completed,7,7,7,10.68,success
2025_HARP13011_20250402_0312_20250402_1112,completed,6,6,6,8.459,success
2025_HARP13004_20250402_0924_20250402_1236,completed,3,3,3,8.905,success
2025_HARP12993_20250402_2000_20250402_2000,completed,1,1,1,6.836,success
2025_HARP13009_20250402_2024_20250402_2336,completed,3,3,3,8.434,success
2025_HARP12997_20250403_0036_20250403_2312,completed,15,15,15,20.653,success
2025_HARP13004_20250403_0248_20250403_0424,completed,2,2,2,7.915,success
2025_HARP13004_20250403_0736_20250404_0612,completed,15,15,15,22.152,success
2025_HARP13011_20250403_2048_20250404_1912,completed,15,15,15,13.371,success
2025_HARP12993_20250404_0236_20250404_1348,completed,8,8,8,10.743,success
2025_HARP13009_20250404_0748_20250405_0612,error,15,,0,,RuntimeError('Downloaded 94 Å segment does not cover all target timestamps within 180 seconds.')
2025_HARP13011_20250404_2048_20250405_0624,error,7,,0,,DrmsExportError(' [status=4]')
2025_HARP13004_20250405_0748_20250406_0612,error,15,,0,,RuntimeError('Downloaded 94 Å segment does not cover all target timestamps within 180 seconds.')
2025_HARP13024_20250405_1424_20250406_1248,completed,15,15,15,12.079,success
2025_HARP13030_20250406_0936_20250407_0800,completed,15,15,15,11.381,success
2025_HARP13030_20250407_0936_20250407_1600,completed,5,5,5,9.155,success
2025_HARP13024_20250407_1936_20250408_1624,completed,14,14,14,12.249,success
2025_HARP13053_20250408_0548_20250408_1524,completed,7,7,7,10.17,success
2025_HARP13024_20250408_2000_20250408_2312,completed,3,3,3,7.161,success
2025_HARP13030_20250409_0224_20250409_1200,completed,7,7,7,9.989,success
2025_HARP13053_20250409_1936_20250409_2248,completed,3,3,3,8.148,success
2025_HARP13053_20250410_0200_20250410_0824,completed,5,5,5,10.684,success
2025_HARP13036_20250410_2000_20250411_1824,completed,15,15,15,11.639,success
2025_HARP13035_20250411_1100_20250412_0924,completed,15,15,15,12.688,success
2025_HARP13044_20250412_0124_20250412_2348,completed,15,15,15,14.356,success
2025_HARP13036_20250412_2000_20250413_1824,completed,15,15,15,11.513,success
2025_HARP13035_20250413_1100_20250413_1100,completed,1,1,1,7.958,success
2025_HARP13044_20250413_1412_20250414_1236,completed,15,15,15,14.921,success
2025_HARP13036_20250413_2136_20250414_0848,completed,8,8,8,10.524,success
2025_HARP13044_20250414_1412_20250414_1724,completed,3,3,3,7.758,success
2025_HARP13035_20250414_2036_20250414_2348,completed,3,3,3,8.701,success
2025_HARP13056_20250414_2036_20250414_2348,completed,3,3,3,9.298,success
2025_HARP13056_20250415_0300_20250415_1100,completed,6,6,6,10.053,success
2025_HARP13102_20250415_1048_20250415_1048,completed,1,1,1,7.298,success
2025_HARP13102_20250415_1836_20250415_2336,completed,4,4,4,14.827,success
2025_HARP13078_20250416_0148_20250416_1436,completed,9,9,9,11.007,success
2025_HARP13102_20250416_0736_20250416_1400,completed,5,5,5,9.356,success
2025_HARP13056_20250416_2300_20250417_1648,completed,12,12,12,20.049,success
2025_HARP13078_20250417_0736_20250417_1536,completed,6,6,6,10.229,success
2025_HARP13078_20250418_0148_20250418_1748,completed,11,11,11,10.9,success
2025_HARP13102_20250418_0736_20250418_1848,completed,8,8,8,10.456,success
2025_HARP13091_20250419_0036_20250419_2300,completed,15,15,15,14.076,success
2025_HARP13102_20250419_0736_20250419_1712,completed,7,7,7,10.715,success
2025_HARP13104_20250420_0748_20250420_2212,completed,10,10,10,11.04,success
2025_HARP13091_20250421_0036_20250421_0036,completed,1,1,1,7.67,success
2025_HARP13091_20250421_0348_20250422_0036,completed,14,14,14,12.99,success
2025_HARP13108_20250421_0736_20250421_2200,completed,10,10,10,10.429,success
2025_HARP13108_20250422_0112_20250422_0424,completed,3,3,3,8.044,success
2025_HARP13091_20250422_0348_20250423_0212,completed,15,15,15,13.339,success
2025_HARP13105_20250422_1700_20250422_1700,completed,1,1,1,6.771,success
2025_HARP13108_20250423_0112_20250423_0424,completed,3,3,3,8.443,success
2025_HARP13105_20250423_0236_20250423_2212,completed,13,13,13,18.086,success
2025_HARP13108_20250423_0736_20250424_0624,completed,15,15,15,21.219,success
2025_HARP13123_20250423_1948_20250424_0036,completed,4,4,4,8.664,success
2025_HARP13104_20250424_0148_20250424_2100,completed,13,13,13,10.993,success
2025_HARP13123_20250424_0348_20250425_0212,completed,15,15,15,13.239,success
2025_HARP13118_20250424_1936_20250425_0824,error,9,,0,,RuntimeError('Downloaded 94 Å segment does not cover all target timestamps within 180 seconds.')
2025_HARP13105_20250425_0124_20250425_0748,completed,5,5,5,8.383,success
2025_HARP13108_20250425_0800_20250425_1424,completed,5,5,5,10.042,success
2025_HARP13142_20250425_1300_20250426_1124,completed,15,15,15,12.676,success
2025_HARP13117_20250425_2224_20250426_2048,completed,15,15,15,13.131,success
2025_HARP13123_20250425_2300_20250426_2124,completed,15,15,15,11.964,success
2025_HARP13133_20250426_1248_20250427_1200,completed,15,15,15,17.686,success
2025_HARP13118_20250426_1936_20250427_1848,completed,15,15,15,22.58,success
2025_HARP13117_20250426_2224_20250427_1824,completed,13,13,13,19.61,success
2025_HARP13144_20250427_0536_20250427_1736,completed,8,8,8,14.495,success
2025_HARP13133_20250427_1336_20250427_1824,completed,4,4,4,7.094,success
2025_HARP13117_20250428_0148_20250428_2136,completed,13,13,13,18.884,success
2025_HARP13142_20250428_0200_20250428_2148,completed,13,13,13,20.05,success
2025_HARP13159_20250428_0212_20250428_0348,completed,2,2,2,7.081,success
2025_HARP13144_20250428_0236_20250428_1736,completed,10,10,10,17.632,success
2025_HARP13159_20250428_0736_20250429_0424,completed,14,14,14,11.191,success
2025_HARP13147_20250428_1100_20250429_0924,completed,15,15,15,14.623,success
2025_HARP13144_20250428_2048_20250428_2224,completed,2,2,2,6.857,success
2025_HARP13133_20250429_0048_20250429_2000,completed,13,13,13,11.17,success
2025_HARP13144_20250429_0136_20250429_1736,completed,11,11,11,10.761,success
2025_HARP13147_20250429_1100_20250429_1724,completed,5,5,5,10.532,success
2025_HARP13147_20250429_2036_20250430_1724,completed,14,14,14,13.867,success
2025_HARP13133_20250430_0048_20250430_2324,completed,15,15,15,18.706,success
2025_HARP13144_20250430_0312_20250501_0148,completed,15,15,15,20.139,success
2025_HARP13145_20250430_1948_20250430_2124,completed,2,2,2,7.735,success
2025_HARP13145_20250501_0036_20250501_2124,completed,14,14,14,12.974,success
2025_HARP13147_20250501_1424_20250502_1248,completed,15,15,15,14.481,success
2025_HARP13147_20250502_1424_20250503_0312,completed,9,9,9,10.715,success
2025_HARP13171_20250502_2236_20250503_0012,completed,2,2,2,8.751,success
2025_HARP13171_20250503_0324_20250503_0636,completed,3,3,3,8.449,success
2025_HARP13171_20250503_1200_20250504_0224,completed,10,10,10,11.049,success
2025_HARP13182_20250504_1036_20250504_2148,completed,8,8,8,10.592,success
2025_HARP13171_20250505_0024_20250505_1624,completed,11,11,11,11.107,success
2025_HARP13187_20250505_0336_20250505_1624,completed,9,9,9,10.583,success
2025_HARP13171_20250505_1936_20250505_2112,completed,2,2,2,7.32,success
2025_HARP13171_20250506_0024_20250506_1624,completed,11,11,11,11.24,success
2025_HARP13182_20250506_0736_20250506_1712,completed,7,7,7,10.76,success
2025_HARP13187_20250506_1936_20250506_2112,completed,2,2,2,6.852,success
2025_HARP13171_20250507_0024_20250507_1136,completed,8,8,8,10.895,success
2025_HARP13190_20250507_0848_20250508_0424,completed,13,13,13,18.796,success
2025_HARP13190_20250508_0736_20250509_0424,completed,14,14,14,11.59,success
2025_HARP13190_20250509_0736_20250510_0424,completed,14,14,14,11.473,success
2025_HARP13207_20250509_2324_20250510_2012,completed,14,14,14,11.785,success
2025_HARP13203_20250510_1612_20250511_1436,completed,15,15,15,11.659,success
2025_HARP13190_20250510_2336_20250511_0424,completed,4,4,4,8.519,success
2025_HARP13190_20250511_0736_20250511_2024,completed,9,9,9,10.708,success
2025_HARP13207_20250511_2324_20250512_2148,completed,15,15,15,13.33,success
2025_HARP13203_20250512_1612_20250513_1436,completed,15,15,15,11.495,success
2025_HARP13199_20250513_0312_20250513_1736,completed,10,10,10,10.96,success
2025_HARP13203_20250513_2236_20250513_2236,completed,1,1,1,6.876,success
2025_HARP13199_20250514_0136_20250514_1112,completed,7,7,7,10.644,success
2025_HARP13199_20250514_1424_20250515_1324,completed,15,15,15,18.465,success
2025_HARP13199_20250515_1500_20250515_1500,completed,1,1,1,6.894,success
2025_HARP13231_20250516_1700_20250517_0548,completed,9,9,9,11.023,success
2025_HARP13231_20250517_0900_20250518_0724,completed,15,15,15,14.067,success
2025_HARP13231_20250518_0900_20250519_0724,completed,15,15,15,14.054,success
2025_HARP13249_20250518_1936_20250519_1624,completed,14,14,14,10.931,success
2025_HARP13232_20250519_0036_20250519_2300,completed,15,15,15,14.308,success
2025_HARP13246_20250519_1424_20250520_1248,completed,15,15,15,11.458,success
2025_HARP13245_20250519_2300_20250520_2124,completed,15,15,15,11.385,success
2025_HARP13232_20250520_0036_20250520_2300,completed,15,15,15,12.286,success
2025_HARP13269_20250520_0712_20250521_0536,completed,15,15,15,11.195,success
2025_HARP13249_20250520_1936_20250521_1624,completed,14,14,14,10.776,success
2025_HARP13245_20250520_2300_20250521_2148,completed,15,15,15,19.565,success
2025_HARP13269_20250521_0712_20250521_2212,completed,10,10,10,24.17,success
2025_HARP13246_20250521_2112_20250522_1624,completed,13,13,13,12.173,success
2025_HARP13246_20250522_1936_20250523_1624,completed,14,14,14,11.46,success
2025_HARP13245_20250522_2324_20250523_0724,completed,6,6,6,10.243,success
2025_HARP13264_20250523_1548_20250524_1412,completed,15,15,15,15.558,success
2025_HARP13269_20250523_2100_20250524_0324,completed,5,5,5,8.988,success
2025_HARP13264_20250524_1548_20250525_1412,completed,15,15,15,14.399,success
2025_HARP13274_20250525_0724_20250526_0548,completed,15,15,15,11.302,success
2025_HARP13264_20250525_1548_20250526_1412,completed,15,15,15,14.409,success
2025_HARP13273_20250526_0500_20250527_0324,completed,15,15,15,11.18,success
2025_HARP13292_20250526_0736_20250527_0636,completed,15,15,15,18.33,success
2025_HARP13264_20250526_1548_20250526_1724,completed,2,2,2,7.492,success
2025_HARP13273_20250527_0500_20250528_0412,completed,15,15,15,26.371,success
2025_HARP13292_20250527_0812_20250527_1936,completed,8,8,8,16.182,success
2025_HARP13264_20250527_1948_20250527_1948,completed,1,1,1,6.724,success
2025_HARP13264_20250527_2300_20250528_0700,completed,6,6,6,10.279,success
2025_HARP13274_20250528_0812_20250529_0712,completed,15,15,15,20.182,success
2025_HARP13292_20250528_2148_20250529_2012,completed,15,15,15,11.803,success
2025_HARP13274_20250529_0848_20250529_1824,completed,7,7,7,9.599,success
2025_HARP13292_20250529_2148_20250530_1524,completed,12,12,12,10.762,success
2025_HARP13299_20250530_1700_20250530_2324,completed,5,5,5,10.179,success
2025_HARP13294_20250531_0236_20250601_0100,completed,15,15,15,12.573,success
2025_HARP13294_20250601_0236_20250602_0100,completed,15,15,15,11.909,success
2025_HARP13306_20250601_0436_20250602_0300,completed,15,15,15,14.123,success
2025_HARP13299_20250602_0236_20250603_0100,completed,15,15,15,15.162,success
2025_HARP13299_20250603_0236_20250603_0236,completed,1,1,1,6.758,success
2025_HARP13306_20250603_0748_20250604_0500,completed,14,14,14,21.096,success
2025_HARP13306_20250604_0812_20250605_0712,error,15,,0,,RuntimeError('Downloaded 131 Å segment does not cover all target timestamps within 180 seconds.')
2025_HARP13306_20250605_0848_20250605_1200,completed,3,3,3,8.884,success
2025_HARP13327_20250606_0100_20250606_2324,completed,15,15,15,13.514,success
2025_HARP13327_20250607_0100_20250607_2324,completed,15,15,15,11.379,success
2025_HARP13336_20250607_1824_20250608_1648,completed,15,15,15,11.531,success
2025_HARP13323_20250607_2312_20250608_2136,completed,15,15,15,14.553,success
2025_HARP13347_20250608_1648_20250609_1512,completed,15,15,15,11.487,success
2025_HARP13323_20250608_2312_20250609_2136,completed,15,15,15,14.551,success
2025_HARP13336_20250609_1824_20250610_0400,completed,7,7,7,10.454,success
2025_HARP13347_20250610_1648_20250611_1512,completed,15,15,15,11.575,success
2025_HARP13346_20250611_0724_20250612_0424,completed,14,14,14,21.138,success
2025_HARP13323_20250611_2324_20250612_1036,completed,8,8,8,11.206,success
2025_HARP13347_20250612_1700_20250612_2324,completed,5,5,5,9.214,success
2025_HARP13345_20250613_0736_20250614_0424,completed,14,14,14,12.899,success
2025_HARP13345_20250614_0736_20250615_0424,completed,14,14,14,12.078,success
2025_HARP13366_20250614_1812_20250615_1636,completed,15,15,15,11.956,success
2025_HARP13345_20250615_0736_20250616_0112,completed,12,12,12,11.239,success
2025_HARP13366_20250615_1812_20250616_0212,completed,6,6,6,9.466,success
2025_HARP13366_20250616_0700_20250617_0524,completed,15,15,15,11.623,success
2025_HARP13345_20250616_0736_20250617_0424,completed,14,14,14,12.407,success
2025_HARP13354_20250617_0712_20250618_0536,completed,15,15,15,14.761,success
2025_HARP13366_20250618_0700_20250619_0236,completed,13,13,13,20.345,success
2025_HARP13354_20250619_0736_20250619_2024,completed,9,9,9,11.374,success
2025_HARP13386_20250622_0012_20250622_2236,completed,15,15,15,13.697,success
2025_HARP13386_20250623_0012_20250623_1748,completed,12,12,12,11.725,success
2025_HARP13403_20250623_0736_20250624_0424,completed,14,14,14,11.278,success
2025_HARP13415_20250623_2112_20250624_1624,completed,13,13,13,11.104,success
2025_HARP13403_20250624_0736_20250625_0424,completed,14,14,14,11.546,success
2025_HARP13415_20250624_2112_20250625_2012,error,15,,0,,DrmsExportError(' [status=4]')
2025_HARP13403_20250625_0736_20250625_1736,error,7,,0,,DrmsExportError('Expecting value: line 1 column 1 (char 0) [status=4]')
2025_HARP13403_20250625_2100_20250625_2236,error,2,,0,,DrmsExportError('Expecting value: line 1 column 1 (char 0) [status=4]')
2025_HARP13415_20250625_2148_20250626_0724,error,7,,0,,DrmsExportError('Expecting value: line 1 column 1 (char 0) [status=4]')
2025_HARP13412_20250626_1036_20250627_0924,error,15,,0,,DrmsExportError('Expecting value: line 1 column 1 (char 0) [status=4]')
2025_HARP13434_20250626_2012_20250627_1900,error,15,,0,,DrmsExportError('Expecting value: line 1 column 1 (char 0) [status=4]')
2025_HARP13415_20250627_1100_20250628_0124,error,10,,0,,DrmsExportError('Expecting value: line 1 column 1 (char 0) [status=4]')
2025_HARP13434_20250627_2036_20250628_1900,error,15,,0,,DrmsExportError('Expecting value: line 1 column 1 (char 0) [status=4]')
2025_HARP13424_20250628_1936_20250629_1836,error,15,,0,,DrmsExportError('Expecting value: line 1 column 1 (char 0) [status=4]')
2025_HARP13412_20250629_1136_20250629_1624,error,4,,0,,DrmsExportError('Expecting value: line 1 column 1 (char 0) [status=4]')
2025_HARP13434_20250629_1936_20250630_1136,error,11,,0,,DrmsExportError('Expecting value: line 1 column 1 (char 0) [status=4]')
2025_HARP13432_20250629_2248_20250630_1136,error,9,,0,,DrmsExportError('Expecting value: line 1 column 1 (char 0) [status=4]')
2025_HARP13434_20250630_1448_20250630_1624,error,2,,0,,DrmsExportError('Expecting value: line 1 column 1 (char 0) [status=4]')
2025_HARP13432_20250630_1936_20250701_0024,error,4,,0,,DrmsExportError('Expecting value: line 1 column 1 (char 0) [status=4]')
2025_HARP13439_20250630_1948_20250630_2124,error,2,,0,,DrmsExportError('Expecting value: line 1 column 1 (char 0) [status=4]')
2025_HARP13439_20250701_0036_20250701_0036,error,1,,0,,DrmsExportError('Expecting value: line 1 column 1 (char 0) [status=4]')
2025_HARP13432_20250701_0336_20250701_1624,error,9,,0,,DrmsExportError('Expecting value: line 1 column 1 (char 0) [status=4]')
2025_HARP13439_20250701_0348_20250701_2124,error,12,,0,,DrmsExportError('Expecting value: line 1 column 1 (char 0) [status=4]')
2025_HARP13445_20250701_1624_20250701_1624,error,1,,0,,DrmsExportError('Expecting value: line 1 column 1 (char 0) [status=4]')
2025_HARP13449_20250701_2100_20250701_2236,error,2,,0,,DrmsExportError('Expecting value: line 1 column 1 (char 0) [status=4]')
2025_HARP13436_20250701_2112_20250701_2112,error,1,,0,,DrmsExportError('Expecting value: line 1 column 1 (char 0) [status=4]')
2025_HARP13439_20250702_0036_20250702_0212,error,2,,0,,DrmsExportError('Expecting value: line 1 column 1 (char 0) [status=4]')
2025_HARP13449_20250702_0148_20250702_1748,error,11,,0,,DrmsExportError('Expecting value: line 1 column 1 (char 0) [status=4]')
2025_HARP13436_20250702_0200_20250702_1624,error,10,,0,,DrmsExportError('Expecting value: line 1 column 1 (char 0) [status=4]')
2025_HARP13439_20250702_0524_20250703_0412,error,15,,0,,DrmsExportError('Expecting value: line 1 column 1 (char 0) [status=4]')
2025_HARP13432_20250702_2000_20250703_0048,error,4,,0,,DrmsExportError('Expecting value: line 1 column 1 (char 0) [status=4]')
2025_HARP13445_20250702_2000_20250703_0048,error,4,,0,,DrmsExportError('Expecting value: line 1 column 1 (char 0) [status=4]')
2025_HARP13449_20250703_0036_20250703_0036,error,1,,0,,DrmsExportError('Expecting value: line 1 column 1 (char 0) [status=4]')
2025_HARP13432_20250703_0400_20250703_2000,error,11,,0,,DrmsExportError('Expecting value: line 1 column 1 (char 0) [status=4]')
2025_HARP13445_20250703_0400_20250703_2000,error,11,,0,,DrmsExportError('Expecting value: line 1 column 1 (char 0) [status=4]')
2025_HARP13432_20250703_2312_20250704_1024,error,8,,0,,DrmsExportError('Expecting value: line 1 column 1 (char 0) [status=4]')
2025_HARP13445_20250703_2312_20250704_2136,error,15,,0,,DrmsExportError('Expecting value: line 1 column 1 (char 0) [status=4]')
2025_HARP13439_20250704_0548_20250705_0412,error,15,,0,,DrmsExportError('Expecting value: line 1 column 1 (char 0) [status=4]')
2025_HARP13436_20250704_2312_20250705_2136,error,15,,0,,DrmsExportError('Expecting value: line 1 column 1 (char 0) [status=4]')
2025_HARP13446_20250705_0736_20250706_0248,error,13,,0,,DrmsExportError('Expecting value: line 1 column 1 (char 0) [status=4]')
2025_HARP13445_20250705_2312_20250706_0048,error,2,,0,,DrmsExportError('Expecting value: line 1 column 1 (char 0) [status=4]')
2025_HARP13446_20250706_2200_20250706_2336,error,2,,0,,DrmsExportError('Expecting value: line 1 column 1 (char 0) [status=4]')
2025_HARP13446_20250707_0736_20250708_0424,error,14,,0,,DrmsExportError('Expecting value: line 1 column 1 (char 0) [status=4]')
2025_HARP13483_20250708_1600_20250709_0124,error,6,,0,,DrmsExportError('Expecting value: line 1 column 1 (char 0) [status=4]')
2025_HARP13483_20250710_0048_20250710_1600,error,10,,0,,DrmsExportError('Expecting value: line 1 column 1 (char 0) [status=4]')
2025_HARP13492_20250710_2148_20250710_2148,error,1,,0,,DrmsExportError('Expecting value: line 1 column 1 (char 0) [status=4]')
2025_HARP13470_20250711_0136_20250711_0624,error,4,,0,,DrmsExportError('Expecting value: line 1 column 1 (char 0) [status=4]')
2025_HARP13470_20250711_1000_20250711_1624,error,5,,0,,DrmsExportError('Expecting value: line 1 column 1 (char 0) [status=4]')
2025_HARP13470_20250711_1936_20250712_0648,error,8,,0,,DrmsExportError('Expecting value: line 1 column 1 (char 0) [status=4]')
2025_HARP13492_20250712_1000_20250712_1624,error,5,,0,,DrmsExportError('Expecting value: line 1 column 1 (char 0) [status=4]')
2025_HARP13476_20250712_1936_20250713_0536,error,7,,0,,DrmsExportError('Expecting value: line 1 column 1 (char 0) [status=4]')
2025_HARP13470_20250713_0300_20250713_0612,error,3,,0,,DrmsExportError('Expecting value: line 1 column 1 (char 0) [status=4]')
2025_HARP13470_20250713_1000_20250713_1624,error,5,,0,,DrmsExportError('Expecting value: line 1 column 1 (char 0) [status=4]')
2025_HARP13476_20250714_1000_20250714_1624,error,5,,0,,DrmsExportError('Expecting value: line 1 column 1 (char 0) [status=4]')
2025_HARP13476_20250714_1936_20250715_0512,error,7,,0,,DrmsExportError('Expecting value: line 1 column 1 (char 0) [status=4]')
2025_HARP13476_20250715_0912_20250716_0624,error,14,,0,,DrmsExportError('Expecting value: line 1 column 1 (char 0) [status=4]')
2025_HARP13476_20250716_1024_20250716_2136,error,8,,0,,DrmsExportError('Expecting value: line 1 column 1 (char 0) [status=4]')
2025_HARP13501_20250716_1100_20250717_0524,error,12,,0,,DrmsExportError('Expecting value: line 1 column 1 (char 0) [status=4]')
2025_HARP13501_20250717_0924_20250718_0612,error,14,,0,,DrmsExportError('Expecting value: line 1 column 1 (char 0) [status=4]')
2025_HARP13493_20250717_2312_20250718_0536,error,5,,0,,DrmsExportError('Expecting value: line 1 column 1 (char 0) [status=4]')
2025_HARP13501_20250718_1012_20250719_0524,error,13,,0,,DrmsExportError('Expecting value: line 1 column 1 (char 0) [status=4]')
2025_HARP13507_20250719_0524_20250719_0524,error,1,,0,,DrmsExportError('Expecting value: line 1 column 1 (char 0) [status=4]')
2025_HARP13493_20250719_1036_20250719_1212,error,2,,0,,DrmsExportError('Expecting value: line 1 column 1 (char 0) [status=4]')
2025_HARP13507_20250719_1112_20250720_0624,error,13,,0,,DrmsExportError('Expecting value: line 1 column 1 (char 0) [status=4]')
2025_HARP13532_20250719_1936_20250720_0512,error,7,,0,,DrmsExportError('Expecting value: line 1 column 1 (char 0) [status=4]')
2025_HARP13501_20250720_1036_20250720_1700,error,5,,0,,DrmsExportError('Expecting value: line 1 column 1 (char 0) [status=4]')
2025_HARP13517_20250720_1112_20250720_1248,error,2,,0,,DrmsExportError('Expecting value: line 1 column 1 (char 0) [status=4]')
2025_HARP13532_20250720_1548_20250721_0612,error,10,,0,,DrmsExportError('Expecting value: line 1 column 1 (char 0) [status=4]')
2025_HARP13506_20250721_0912_20250722_0424,error,13,,0,,DrmsExportError('Expecting value: line 1 column 1 (char 0) [status=4]')
2025_HARP13532_20250721_1024_20250721_1200,error,2,,0,,DrmsExportError('Expecting value: line 1 column 1 (char 0) [status=4]')
2025_HARP13507_20250721_1936_20250722_0512,error,7,,0,,DrmsExportError('Expecting value: line 1 column 1 (char 0) [status=4]')
2025_HARP13517_20250722_1000_20250723_0500,error,12,,0,,DrmsExportError('Expecting value: line 1 column 1 (char 0) [status=4]')
2025_HARP13522_20250722_2136_20250723_0536,error,6,,0,,DrmsExportError('Expecting value: line 1 column 1 (char 0) [status=4]')
2025_HARP13507_20250723_1012_20250723_1324,error,3,,0,,DrmsExportError('Expecting value: line 1 column 1 (char 0) [status=4]')
2025_HARP13517_20250723_2148_20250724_0100,error,3,,0,,DrmsExportError('Expecting value: line 1 column 1 (char 0) [status=4]')
2025_HARP13524_20250724_0000_20250724_0624,error,5,,0,,DrmsExportError('Expecting value: line 1 column 1 (char 0) [status=4]')
2025_HARP13524_20250724_1036_20250725_0112,error,10,,0,,DrmsExportError('Expecting value: line 1 column 1 (char 0) [status=4]')
2025_HARP13522_20250725_0500_20250725_0500,error,1,,0,,DrmsExportError('Expecting value: line 1 column 1 (char 0) [status=4]')
2025_HARP13542_20250725_0548_20250725_0548,error,1,,0,,DrmsExportError('Expecting value: line 1 column 1 (char 0) [status=4]')
2025_HARP13522_20250725_0912_20250726_0424,error,13,,0,,TimeoutError('timed out')
2025_HARP13542_20250725_1000_20250725_1624,error,5,,0,,DrmsExportError('Expecting value: line 1 column 1 (char 0) [status=4]')
2025_HARP13542_20250725_1936_20250726_0512,error,7,,0,,DrmsExportError('Expecting value: line 1 column 1 (char 0) [status=4]')
2025_HARP13561_20250726_1000_20250726_1624,error,5,,0,,DrmsExportError('Expecting value: line 1 column 1 (char 0) [status=4]')
2025_HARP13524_20250726_1012_20250727_0212,error,11,,0,,DrmsExportError('Expecting value: line 1 column 1 (char 0) [status=4]')
2025_HARP13543_20250726_1748_20250727_0500,error,8,,0,,DrmsExportError('Expecting value: line 1 column 1 (char 0) [status=4]')
2025_HARP13522_20250727_0524_20250727_0524,error,1,,0,,DrmsExportError('Expecting value: line 1 column 1 (char 0) [status=4]')
2025_HARP13543_20250727_0912_20250728_0424,error,13,,0,,DrmsExportError('Expecting value: line 1 column 1 (char 0) [status=4]')
2025_HARP13542_20250727_1024_20250728_0536,error,13,,0,,DrmsExportError('Expecting value: line 1 column 1 (char 0) [status=4]')
2025_HARP13568_20250727_1212_20250728_0548,error,12,,0,,DrmsExportError('Expecting value: line 1 column 1 (char 0) [status=4]')
2025_HARP13548_20250727_1936_20250728_0512,error,7,,0,,DrmsExportError('Expecting value: line 1 column 1 (char 0) [status=4]')
2025_HARP13548_20250728_0924_20250728_1236,error,3,,0,,DrmsExportError('Expecting value: line 1 column 1 (char 0) [status=4]')
2025_HARP13568_20250728_1000_20250728_1136,error,2,,0,,DrmsExportError('Expecting value: line 1 column 1 (char 0) [status=4]')
2025_HARP13561_20250728_1024_20250728_1200,error,2,,0,,DrmsExportError('Expecting value: line 1 column 1 (char 0) [status=4]')
2025_HARP13542_20250728_1124_20250728_1300,error,2,,0,,DrmsExportError('Expecting value: line 1 column 1 (char 0) [status=4]')
2025_HARP13548_20250728_1548_20250729_0536,error,9,,0,,DrmsExportError('Expecting value: line 1 column 1 (char 0) [status=4]')
2025_HARP13542_20250728_1612_20250728_1748,error,2,,0,,DrmsExportError('Expecting value: line 1 column 1 (char 0) [status=4]')
2025_HARP13543_20250728_1636_20250728_1948,error,3,,0,,DrmsExportError('Expecting value: line 1 column 1 (char 0) [status=4]')
2025_HARP13542_20250728_2100_20250729_0324,error,5,,0,,DrmsExportError('Expecting value: line 1 column 1 (char 0) [status=4]')
2025_HARP13568_20250729_0612_20250729_0612,error,1,,0,,DrmsExportError('Expecting value: line 1 column 1 (char 0) [status=4]')
2025_HARP13548_20250729_1112_20250729_1736,error,5,,0,,DrmsExportError('Expecting value: line 1 column 1 (char 0) [status=4]')
2025_HARP13542_20250729_1136_20250729_1624,error,4,,0,,DrmsExportError('Expecting value: line 1 column 1 (char 0) [status=4]')
2025_HARP13548_20250729_2112_20250730_0512,error,6,,0,,DrmsExportError('Expecting value: line 1 column 1 (char 0) [status=4]')
2025_HARP13576_20250730_0236_20250730_0236,error,1,,0,,DrmsExportError('Expecting value: line 1 column 1 (char 0) [status=4]')
2025_HARP13576_20250730_0548_20250730_0548,error,1,,0,,DrmsExportError('Expecting value: line 1 column 1 (char 0) [status=4]')
2025_HARP13552_20250730_0912_20250731_0500,error,13,,0,,DrmsExportError('Expecting value: line 1 column 1 (char 0) [status=4]')
2025_HARP13576_20250730_1124_20250731_0536,error,12,,0,,DrmsExportError('Expecting value: line 1 column 1 (char 0) [status=4]')
2025_HARP13543_20250730_1700_20250730_2324,error,5,,0,,DrmsExportError('Expecting value: line 1 column 1 (char 0) [status=4]')
2025_HARP13543_20250731_0236_20250731_0548,error,3,,0,,DrmsExportError('Expecting value: line 1 column 1 (char 0) [status=4]')
2025_HARP13548_20250731_1036_20250731_2324,error,9,,0,,DrmsExportError('Expecting value: line 1 column 1 (char 0) [status=4]')
2025_HARP13567_20250731_1636_20250801_0212,error,7,,0,,DrmsExportError('Expecting value: line 1 column 1 (char 0) [status=4]')
2025_HARP13567_20250801_0924_20250802_0612,error,14,,0,,DrmsExportError('Expecting value: line 1 column 1 (char 0) [status=4]')
2025_HARP13581_20250802_0912_20250802_1048,error,2,,0,,DrmsExportError('Expecting value: line 1 column 1 (char 0) [status=4]')
2025_HARP13567_20250802_1936_20250803_0512,error,7,,0,,DrmsExportError('Expecting value: line 1 column 1 (char 0) [status=4]')
2025_HARP13567_20250803_1036_20250804_0548,error,13,,0,,DrmsExportError('Expecting value: line 1 column 1 (char 0) [status=4]')
2025_HARP13567_20250804_0936_20250804_1248,error,3,,0,,DrmsExportError('Expecting value: line 1 column 1 (char 0) [status=4]')
2025_HARP13567_20250804_1600_20250805_0624,error,10,,0,,DrmsExportError('Expecting value: line 1 column 1 (char 0) [status=4]')
2025_HARP13567_20250805_1000_20250805_1000,error,1,,0,,DrmsExportError('Expecting value: line 1 column 1 (char 0) [status=4]')
2025_HARP13574_20250805_1936_20250806_0512,error,7,,0,,DrmsExportError('Expecting value: line 1 column 1 (char 0) [status=4]')
2025_HARP13610_20250806_1200_20250807_1112,error,15,,0,,DrmsExportError('Expecting value: line 1 column 1 (char 0) [status=4]')
2025_HARP13574_20250807_0924_20250807_1412,error,4,,0,,DrmsExportError('Expecting value: line 1 column 1 (char 0) [status=4]')
2025_HARP13599_20250807_2200_20250808_0424,error,5,,0,,DrmsExportError('Expecting value: line 1 column 1 (char 0) [status=4]')
2025_HARP13599_20250808_0736_20250808_1400,error,5,,0,,DrmsExportError('Expecting value: line 1 column 1 (char 0) [status=4]')
2025_HARP13599_20250808_1712_20250809_0424,error,8,,0,,DrmsExportError('Expecting value: line 1 column 1 (char 0) [status=4]')
2025_HARP13599_20250809_0736_20250810_0248,error,13,,0,,DrmsExportError('Expecting value: line 1 column 1 (char 0) [status=4]')
2025_HARP13606_20250809_1612_20250810_0148,error,7,,0,,DrmsExportError('Expecting value: line 1 column 1 (char 0) [status=4]')
2025_HARP13597_20250810_0824_20250810_1624,error,6,,0,,DrmsExportError('Expecting value: line 1 column 1 (char 0) [status=4]')
2025_HARP13597_20250810_1936_20250811_1624,error,14,,0,,DrmsExportError('Expecting value: line 1 column 1 (char 0) [status=4]')
2025_HARP13612_20250811_1312_20250811_1624,error,3,,0,,DrmsExportError('Expecting value: line 1 column 1 (char 0) [status=4]')
2025_HARP13612_20250811_1936_20250812_1624,error,14,,0,,DrmsExportError('Expecting value: line 1 column 1 (char 0) [status=4]')
2025_HARP13606_20250812_0836_20250813_0036,error,11,,0,,DrmsExportError('Expecting value: line 1 column 1 (char 0) [status=4]')
2025_HARP13597_20250812_1936_20250813_1624,error,14,,0,,DrmsExportError('Expecting value: line 1 column 1 (char 0) [status=4]')
2025_HARP13636_20250813_1036_20250814_0748,error,14,,0,,DrmsExportError('Expecting value: line 1 column 1 (char 0) [status=4]')
2025_HARP13612_20250813_2000_20250814_1824,error,15,,0,,DrmsExportError('Expecting value: line 1 column 1 (char 0) [status=4]')
2025_HARP13624_20250814_0748_20250814_1548,error,6,,0,,DrmsExportError('Expecting value: line 1 column 1 (char 0) [status=4]')
2025_HARP13624_20250814_1900_20250815_1724,error,15,,0,,DrmsExportError('Expecting value: line 1 column 1 (char 0) [status=4]')
2025_HARP13627_20250815_0236_20250816_0100,error,15,,0,,DrmsExportError('Expecting value: line 1 column 1 (char 0) [status=4]')
2025_HARP13624_20250815_1900_20250816_1724,error,15,,0,,TimeoutError('timed out')
2025_HARP13624_20250816_1900_20250817_1724,error,15,,0,,DrmsExportError('Expecting value: line 1 column 1 (char 0) [status=4]')
2025_HARP13627_20250817_0236_20250818_0100,error,15,,0,,DrmsExportError('Expecting value: line 1 column 1 (char 0) [status=4]')
2025_HARP13641_20250817_1936_20250818_1812,error,15,,0,,DrmsExportError('Expecting value: line 1 column 1 (char 0) [status=4]')
2025_HARP13624_20250818_1912_20250818_2048,error,2,,0,,DrmsExportError('Expecting value: line 1 column 1 (char 0) [status=4]')
2025_HARP13663_20250818_2000_20250819_1824,error,15,,0,,DrmsExportError('Expecting value: line 1 column 1 (char 0) [status=4]')
2025_HARP13652_20250819_0536_20250820_0400,error,15,,0,,DrmsExportError('Expecting value: line 1 column 1 (char 0) [status=4]')
2025_HARP13641_20250819_1948_20250820_1812,error,15,,0,,DrmsExportError('Expecting value: line 1 column 1 (char 0) [status=4]')
2025_HARP13652_20250820_0536_20250821_0412,error,15,,0,,DrmsExportError('Expecting value: line 1 column 1 (char 0) [status=4]')
2025_HARP13663_20250820_2012_20250821_1836,error,15,,0,,DrmsExportError('Expecting value: line 1 column 1 (char 0) [status=4]')
2025_HARP13652_20250821_0548_20250822_0412,error,15,,0,,DrmsExportError('Expecting value: line 1 column 1 (char 0) [status=4]')
2025_HARP13676_20250821_1936_20250822_0200,error,5,,0,,DrmsExportError('Expecting value: line 1 column 1 (char 0) [status=4]')
2025_HARP13676_20250822_0512_20250822_1624,error,8,,0,,DrmsExportError('Expecting value: line 1 column 1 (char 0) [status=4]')
2025_HARP13652_20250822_0548_20250823_0412,error,15,,0,,DrmsExportError('Expecting value: line 1 column 1 (char 0) [status=4]')
2025_HARP13676_20250822_1936_20250823_1624,error,14,,0,,DrmsExportError('Expecting value: line 1 column 1 (char 0) [status=4]')
2025_HARP13673_20250822_2200_20250823_1424,error,11,,0,,DrmsExportError('Expecting value: line 1 column 1 (char 0) [status=4]')
2025_HARP13652_20250823_0548_20250823_1836,error,9,,0,,DrmsExportError('Expecting value: line 1 column 1 (char 0) [status=4]')
2025_HARP13673_20250823_1924_20250824_1148,error,9,,0,,DrmsExportError('Expecting value: line 1 column 1 (char 0) [status=4]')
2025_HARP13676_20250823_1936_20250824_1624,error,14,,0,,DrmsExportError('Expecting value: line 1 column 1 (char 0) [status=4]')
2025_HARP13662_20250824_1636_20250825_1500,error,15,,0,,DrmsExportError('Expecting value: line 1 column 1 (char 0) [status=4]')
2025_HARP13694_20250824_1924_20250825_1748,error,15,,0,,DrmsExportError('Expecting value: line 1 column 1 (char 0) [status=4]')
2025_HARP13671_20250825_0524_20250826_0348,error,15,,0,,DrmsExportError('Expecting value: line 1 column 1 (char 0) [status=4]')
2025_HARP13673_20250825_0812_20250825_1624,error,6,,0,,DrmsExportError('Expecting value: line 1 column 1 (char 0) [status=4]')
2025_HARP13662_20250825_1636_20250826_1500,error,15,,0,,DrmsExportError('Expecting value: line 1 column 1 (char 0) [status=4]')
2025_HARP13673_20250825_1936_20250826_1624,error,14,,0,,DrmsExportError('Expecting value: line 1 column 1 (char 0) [status=4]')
2025_HARP13675_20250826_1036_20250827_0900,error,15,,0,,DrmsExportError('Expecting value: line 1 column 1 (char 0) [status=4]')
2025_HARP13694_20250826_1924_20250827_1748,error,15,,0,,DrmsExportError('Expecting value: line 1 column 1 (char 0) [status=4]')
2025_HARP13711_20250827_0712_20250828_0424,error,14,,0,,DrmsExportError('Expecting value: line 1 column 1 (char 0) [status=4]')
2025_HARP13694_20250827_1948_20250828_0524,error,7,,0,,DrmsExportError('Expecting value: line 1 column 1 (char 0) [status=4]')
2025_HARP13711_20250828_0736_20250829_0424,error,14,,0,,DrmsExportError('Expecting value: line 1 column 1 (char 0) [status=4]')
2025_HARP13691_20250829_0300_20250829_0612,error,3,,0,,DrmsExportError('Expecting value: line 1 column 1 (char 0) [status=4]')
2025_HARP13691_20250829_0924_20250830_0748,error,15,,0,,DrmsExportError('Expecting value: line 1 column 1 (char 0) [status=4]')
2025_HARP13708_20250829_1936_20250830_1624,error,14,,0,,DrmsExportError('Expecting value: line 1 column 1 (char 0) [status=4]')
2025_HARP13708_20250830_1936_20250831_1448,error,13,,0,,DrmsExportError('Expecting value: line 1 column 1 (char 0) [status=4]')
2025_HARP13708_20250831_1848_20250901_0424,error,7,,0,,DrmsExportError('Expecting value: line 1 column 1 (char 0) [status=4]')
2025_HARP13691_20250901_1012_20250901_1948,error,7,,0,,DrmsExportError('Expecting value: line 1 column 1 (char 0) [status=4]')
2025_HARP13723_20250902_0100_20250902_2324,error,15,,0,,DrmsExportError('Expecting value: line 1 column 1 (char 0) [status=4]')
2025_HARP13708_20250902_2200_20250903_0248,error,4,,0,,DrmsExportError('Expecting value: line 1 column 1 (char 0) [status=4]')
2025_HARP13723_20250903_0100_20250903_2336,error,15,,0,,DrmsExportError('Expecting value: line 1 column 1 (char 0) [status=4]')
2025_HARP13722_20250903_2324_20250904_2148,error,15,,0,,DrmsExportError('Expecting value: line 1 column 1 (char 0) [status=4]')
2025_HARP13730_20250904_0424_20250904_0424,error,1,,0,,DrmsExportError('Expecting value: line 1 column 1 (char 0) [status=4]')
2025_HARP13730_20250904_0736_20250905_0424,error,14,,0,,DrmsExportError('Expecting value: line 1 column 1 (char 0) [status=4]')
2025_HARP13722_20250904_2324_20250905_2148,error,15,,0,,DrmsExportError('Expecting value: line 1 column 1 (char 0) [status=4]')
2025_HARP13730_20250905_0736_20250906_0424,error,14,,0,,DrmsExportError('Expecting value: line 1 column 1 (char 0) [status=4]')
2025_HARP13722_20250905_2324_20250906_1036,error,8,,0,,DrmsExportError('Expecting value: line 1 column 1 (char 0) [status=4]')
2025_HARP13730_20250906_0736_20250907_0636,error,15,,0,,DrmsExportError('Expecting value: line 1 column 1 (char 0) [status=4]')
2025_HARP13747_20250906_1336_20250907_1236,error,15,,0,,DrmsExportError('Expecting value: line 1 column 1 (char 0) [status=4]')
2025_HARP13730_20250907_0812_20250908_0636,error,15,,0,,DrmsExportError('Expecting value: line 1 column 1 (char 0) [status=4]')
2025_HARP13747_20250907_1412_20250908_1236,error,15,,0,,DrmsExportError('Expecting value: line 1 column 1 (char 0) [status=4]')
2025_HARP13730_20250908_0812_20250908_1300,error,4,,0,,DrmsExportError('Expecting value: line 1 column 1 (char 0) [status=4]')
2025_HARP13747_20250908_1412_20250909_1236,error,15,,0,,DrmsExportError('Expecting value: line 1 column 1 (char 0) [status=4]')
2025_HARP13747_20250909_1412_20250909_1724,error,3,,0,,DrmsExportError('Expecting value: line 1 column 1 (char 0) [status=4]')
2025_HARP13736_20250910_1300_20250911_0200,error,9,,0,,DrmsExportError('Expecting value: line 1 column 1 (char 0) [status=4]')
2025_HARP13778_20250913_2348_20250914_2212,error,15,,0,,DrmsExportError('Expecting value: line 1 column 1 (char 0) [status=4]')
2025_HARP13768_20250915_2136_20250916_2000,error,15,,0,,DrmsExportError('Expecting value: line 1 column 1 (char 0) [status=4]')
2025_HARP13778_20250915_2348_20250916_1724,error,12,,0,,DrmsExportError('Expecting value: line 1 column 1 (char 0) [status=4]')
2025_HARP13768_20250916_2200_20250917_0424,error,5,,0,,DrmsExportError('Expecting value: line 1 column 1 (char 0) [status=4]')
2025_HARP13778_20250916_2236_20250917_0148,error,3,,0,,DrmsExportError('Expecting value: line 1 column 1 (char 0) [status=4]')
2025_HARP13773_20250917_2236_20250918_0012,error,2,,0,,DrmsExportError('Expecting value: line 1 column 1 (char 0) [status=4]')
2025_HARP13777_20250918_1900_20250919_1724,error,15,,0,,DrmsExportError('Expecting value: line 1 column 1 (char 0) [status=4]')
2025_HARP13776_20250918_2200_20250919_0424,error,5,,0,,DrmsExportError('Expecting value: line 1 column 1 (char 0) [status=4]')
2025_HARP13773_20250919_1836_20250920_0412,error,7,,0,,DrmsExportError('Expecting value: line 1 column 1 (char 0) [status=4]')
2025_HARP13768_20250919_1948_20250920_1012,error,10,,0,,DrmsExportError('Expecting value: line 1 column 1 (char 0) [status=4]')
2025_HARP13790_20250920_0900_20250921_0724,error,15,,0,,DrmsExportError('Expecting value: line 1 column 1 (char 0) [status=4]')
2025_HARP13777_20250920_1900_20250921_1724,error,15,,0,,DrmsExportError('Expecting value: line 1 column 1 (char 0) [status=4]')
2025_HARP13790_20250921_0900_20250922_0824,error,15,,0,,DrmsExportError('Expecting value: line 1 column 1 (char 0) [status=4]')
2025_HARP13777_20250921_1900_20250922_1200,error,11,,0,,DrmsExportError('Expecting value: line 1 column 1 (char 0) [status=4]')
2025_HARP13790_20250922_1000_20250922_1000,error,1,,0,,DrmsExportError('Expecting value: line 1 column 1 (char 0) [status=4]')
2025_HARP13784_20250922_1348_20250923_1212,error,15,,0,,DrmsExportError('Expecting value: line 1 column 1 (char 0) [status=4]')
2025_HARP13784_20250923_1348_20250924_1236,error,15,,0,,DrmsExportError('Expecting value: line 1 column 1 (char 0) [status=4]')
2025_HARP13801_20250924_1400_20250925_0424,error,10,,0,,DrmsExportError('Expecting value: line 1 column 1 (char 0) [status=4]')
2025_HARP13784_20250924_1936_20250925_0336,error,6,,0,,DrmsExportError('Expecting value: line 1 column 1 (char 0) [status=4]')
2025_HARP13801_20250925_0736_20250926_0424,error,14,,0,,DrmsExportError('Expecting value: line 1 column 1 (char 0) [status=4]')
2025_HARP13801_20250926_0736_20250927_0424,error,14,,0,,DrmsExportError('Expecting value: line 1 column 1 (char 0) [status=4]')
2025_HARP13835_20250927_0500_20250928_0324,error,15,,0,,TimeoutError('timed out')
2025_HARP13808_20250928_0300_20250928_2236,error,13,,0,,DrmsExportError('Expecting value: line 1 column 1 (char 0) [status=4]')
2025_HARP13801_20250928_0800_20250928_2224,error,10,,0,,DrmsExportError('Expecting value: line 1 column 1 (char 0) [status=4]')
2025_HARP13835_20250928_1324_20250928_2300,error,7,,0,,DrmsExportError('Expecting value: line 1 column 1 (char 0) [status=4]')
2025_HARP13801_20250929_0324_20250929_0812,error,4,,0,,DrmsExportError('Expecting value: line 1 column 1 (char 0) [status=4]')
2025_HARP13845_20250929_0348_20250930_0212,error,15,,0,,DrmsExportError('Expecting value: line 1 column 1 (char 0) [status=4]')
2025_HARP13845_20250930_0348_20251001_0224,error,15,,0,,TimeoutError('timed out')
2025_HARP13831_20250930_0724_20251001_0424,error,14,,0,,DrmsExportError('Expecting value: line 1 column 1 (char 0) [status=4]')
2025_HARP13835_20251001_0412_20251001_1212,error,6,,0,,DrmsExportError('Expecting value: line 1 column 1 (char 0) [status=4]')
2025_HARP13835_20251001_2000_20251001_2000,error,1,,0,,DrmsExportError('Expecting value: line 1 column 1 (char 0) [status=4]')
2025_HARP13831_20251002_2200_20251003_0424,error,5,,0,,DrmsExportError('Expecting value: line 1 column 1 (char 0) [status=4]')
2025_HARP13831_20251003_0736_20251004_0424,error,14,,0,,DrmsExportError('Expecting value: line 1 column 1 (char 0) [status=4]')
2025_HARP13855_20251003_1936_20251003_1936,error,1,,0,,DrmsExportError('Expecting value: line 1 column 1 (char 0) [status=4]')
2025_HARP13859_20251004_0400_20251005_0224,error,15,,0,,DrmsExportError('Expecting value: line 1 column 1 (char 0) [status=4]')
2025_HARP13852_20251004_0800_20251005_0624,error,15,,0,,DrmsExportError('Expecting value: line 1 column 1 (char 0) [status=4]')
2025_HARP13859_20251005_0400_20251006_0224,error,15,,0,,DrmsExportError('Expecting value: line 1 column 1 (char 0) [status=4]')
2025_HARP13855_20251005_1936_20251006_1624,error,14,,0,,DrmsExportError('Expecting value: line 1 column 1 (char 0) [status=4]')
2025_HARP13859_20251006_0400_20251007_0224,error,15,,0,,DrmsExportError('Expecting value: line 1 column 1 (char 0) [status=4]')
2025_HARP13876_20251006_1324_20251007_1148,error,15,,0,,DrmsExportError('Expecting value: line 1 column 1 (char 0) [status=4]')
2025_HARP13866_20251006_2112_20251007_1624,error,13,,0,,DrmsExportError('Expecting value: line 1 column 1 (char 0) [status=4]')
2025_HARP13852_20251007_0800_20251008_0336,error,13,,0,,DrmsExportError('Expecting value: line 1 column 1 (char 0) [status=4]')
2025_HARP13855_20251007_2000_20251007_2312,error,3,,0,,DrmsExportError('Expecting value: line 1 column 1 (char 0) [status=4]')
2025_HARP13852_20251008_0712_20251008_1336,error,5,,0,,DrmsExportError('Expecting value: line 1 column 1 (char 0) [status=4]')
2025_HARP13876_20251008_1100_20251008_1412,error,3,,0,,DrmsExportError('Expecting value: line 1 column 1 (char 0) [status=4]')
2025_HARP13866_20251008_2248_20251009_1624,error,12,,0,,DrmsExportError('Expecting value: line 1 column 1 (char 0) [status=4]')
2025_HARP13876_20251008_2300_20251009_2124,error,15,,0,,DrmsExportError('Expecting value: line 1 column 1 (char 0) [status=4]')
2025_HARP13872_20251009_1936_20251010_1448,error,13,,0,,DrmsExportError('Expecting value: line 1 column 1 (char 0) [status=4]')
2025_HARP13876_20251009_2300_20251010_1500,error,11,,0,,DrmsExportError('Expecting value: line 1 column 1 (char 0) [status=4]')
2025_HARP13872_20251010_1936_20251011_1624,error,14,,0,,DrmsExportError('Expecting value: line 1 column 1 (char 0) [status=4]')
2025_HARP13872_20251011_1936_20251012_1624,error,14,,0,,DrmsExportError('Expecting value: line 1 column 1 (char 0) [status=4]')
2025_HARP13895_20251012_0400_20251013_0224,error,15,,0,,DrmsExportError('Expecting value: line 1 column 1 (char 0) [status=4]')
2025_HARP13872_20251012_1936_20251013_0024,error,4,,0,,DrmsExportError('Expecting value: line 1 column 1 (char 0) [status=4]')
2025_HARP13881_20251012_2236_20251013_2100,error,15,,0,,DrmsExportError('Expecting value: line 1 column 1 (char 0) [status=4]')
2025_HARP13887_20251013_0424_20251013_0424,error,1,,0,,DrmsExportError('Expecting value: line 1 column 1 (char 0) [status=4]')
2025_HARP13887_20251013_0736_20251013_1712,error,7,,0,,DrmsExportError('Expecting value: line 1 column 1 (char 0) [status=4]')
2025_HARP13883_20251013_1736_20251013_1736,error,1,,0,,DrmsExportError('Expecting value: line 1 column 1 (char 0) [status=4]')
2025_HARP13880_20251013_2048_20251014_0800,error,8,,0,,DrmsExportError('Expecting value: line 1 column 1 (char 0) [status=4]')
2025_HARP13881_20251013_2236_20251014_2112,error,15,,0,,DrmsExportError('Expecting value: line 1 column 1 (char 0) [status=4]')
2025_HARP13887_20251014_0736_20251015_0612,error,15,,0,,DrmsExportError('Expecting value: line 1 column 1 (char 0) [status=4]')
2025_HARP13881_20251014_2248_20251014_2248,error,1,,0,,DrmsExportError('Expecting value: line 1 column 1 (char 0) [status=4]')
2025_HARP13881_20251015_0200_20251015_1136,error,7,,0,,DrmsExportError('Expecting value: line 1 column 1 (char 0) [status=4]')
2025_HARP13891_20251015_1036_20251015_1036,error,1,,0,,DrmsExportError('Expecting value: line 1 column 1 (char 0) [status=4]')
2025_HARP13881_20251015_1836_20251016_1212,error,12,,0,,DrmsExportError('Expecting value: line 1 column 1 (char 0) [status=4]')
2025_HARP13887_20251015_1936_20251016_1624,error,14,,0,,DrmsExportError('Expecting value: line 1 column 1 (char 0) [status=4]')
2025_HARP13881_20251016_1836_20251017_1348,error,13,,0,,DrmsExportError('Expecting value: line 1 column 1 (char 0) [status=4]')
2025_HARP13887_20251016_1936_20251017_1312,error,12,,0,,TimeoutError('timed out')
2025_HARP13891_20251017_1912_20251018_1736,error,15,,0,,DrmsExportError('Expecting value: line 1 column 1 (char 0) [status=4]')
2025_HARP13909_20251018_1724_20251019_1548,error,15,,0,,DrmsExportError('Expecting value: line 1 column 1 (char 0) [status=4]')
2025_HARP13901_20251018_2112_20251019_1624,error,13,,0,,DrmsExportError('Expecting value: line 1 column 1 (char 0) [status=4]')
2025_HARP13891_20251019_1912_20251019_2048,error,2,,0,,DrmsExportError('Expecting value: line 1 column 1 (char 0) [status=4]')
2025_HARP13935_20251020_0812_20251021_0636,error,15,,0,,DrmsExportError('Expecting value: line 1 column 1 (char 0) [status=4]')
2025_HARP13911_20251020_1924_20251021_1824,error,15,,0,,DrmsExportError('Expecting value: line 1 column 1 (char 0) [status=4]')
2025_HARP13935_20251021_0848_20251021_1824,error,7,,0,,DrmsExportError('Expecting value: line 1 column 1 (char 0) [status=4]')
2025_HARP13909_20251021_2136_20251022_0712,error,7,,0,,DrmsExportError('Expecting value: line 1 column 1 (char 0) [status=4]')
2025_HARP13935_20251021_2136_20251022_2024,error,15,,0,,DrmsExportError('Expecting value: line 1 column 1 (char 0) [status=4]')
2025_HARP13901_20251022_0724_20251022_1836,error,8,,0,,TimeoutError('timed out')
2025_HARP13935_20251022_2200_20251023_0248,error,4,,0,,DrmsExportError('Expecting value: line 1 column 1 (char 0) [status=4]')
2025_HARP13945_20251023_0648_20251023_1212,error,4,,0,,DrmsExportError('Expecting value: line 1 column 1 (char 0) [status=4]')
2025_HARP13931_20251023_1936_20251024_1624,error,14,,0,,DrmsExportError('Expecting value: line 1 column 1 (char 0) [status=4]')
2025_HARP13930_20251024_0148_20251025_0012,error,15,,0,,DrmsExportError('Expecting value: line 1 column 1 (char 0) [status=4]')
2025_HARP13931_20251024_1936_20251025_1624,error,14,,0,,DrmsExportError('Expecting value: line 1 column 1 (char 0) [status=4]')
2025_HARP13955_20251025_0100_20251025_2324,error,15,,0,,DrmsExportError('Expecting value: line 1 column 1 (char 0) [status=4]')
2025_HARP13911_20251025_0736_20251025_2024,error,9,,0,,DrmsExportError('Expecting value: line 1 column 1 (char 0) [status=4]')
2025_HARP13929_20251026_0048_20251026_2312,error,15,,0,,DrmsExportError('Expecting value: line 1 column 1 (char 0) [status=4]')
2025_HARP13930_20251026_0148_20251027_0012,error,15,,0,,DrmsExportError('Expecting value: line 1 column 1 (char 0) [status=4]')
2025_HARP13931_20251026_1936_20251027_1312,error,12,,0,,DrmsExportError('Expecting value: line 1 column 1 (char 0) [status=4]')
2025_HARP13929_20251027_0048_20251027_2312,error,15,,0,,DrmsExportError('Expecting value: line 1 column 1 (char 0) [status=4]')
2025_HARP13930_20251027_0148_20251028_0012,error,15,,0,,DrmsExportError('Expecting value: line 1 column 1 (char 0) [status=4]')
2025_HARP13946_20251027_1324_20251028_1148,error,15,,0,,DrmsExportError('Expecting value: line 1 column 1 (char 0) [status=4]')
2025_HARP13960_20251027_2236_20251028_2112,error,15,,0,,DrmsExportError('Expecting value: line 1 column 1 (char 0) [status=4]')
2025_HARP13955_20251028_0100_20251028_2336,error,15,,0,,DrmsExportError('Expecting value: line 1 column 1 (char 0) [status=4]')
2025_HARP13946_20251028_1324_20251028_2000,error,5,,0,,DrmsExportError('Expecting value: line 1 column 1 (char 0) [status=4]')
2025_HARP13960_20251028_2248_20251029_1624,error,12,,0,,DrmsExportError('Expecting value: line 1 column 1 (char 0) [status=4]')
2025_HARP13976_20251029_0000_20251029_2300,error,15,,0,,TimeoutError('timed out')
2025_HARP13955_20251029_0736_20251029_1048,error,3,,0,,DrmsExportError('Expecting value: line 1 column 1 (char 0) [status=4]')
2025_HARP13946_20251029_2348_20251030_0124,error,2,,0,,DrmsExportError('Expecting value: line 1 column 1 (char 0) [status=4]')
2025_HARP13960_20251030_2012_20251031_0900,error,9,,0,,DrmsExportError('Expecting value: line 1 column 1 (char 0) [status=4]')
2025_HARP13982_20251103_0900_20251104_0724,error,15,,0,,DrmsExportError('Expecting value: line 1 column 1 (char 0) [status=4]')
2025_HARP13982_20251104_2148_20251105_2036,error,15,,0,,DrmsExportError('Expecting value: line 1 column 1 (char 0) [status=4]')
2025_HARP13999_20251106_0524_20251107_0348,error,15,,0,,DrmsExportError('Expecting value: line 1 column 1 (char 0) [status=4]')
2025_HARP13999_20251107_0524_20251108_0348,error,15,,0,,TimeoutError('timed out')
2025_HARP13999_20251108_0524_20251109_0348,error,15,,0,,DrmsExportError('Expecting value: line 1 column 1 (char 0) [status=4]')
2025_HARP14003_20251108_1300_20251109_1124,error,15,,0,,DrmsExportError('Expecting value: line 1 column 1 (char 0) [status=4]')
2025_HARP14018_20251109_0936_20251109_1112,error,2,,0,,DrmsExportError('Expecting value: line 1 column 1 (char 0) [status=4]')
2025_HARP14008_20251109_1600_20251110_1424,error,15,,0,,DrmsExportError('Expecting value: line 1 column 1 (char 0) [status=4]')
2025_HARP14009_20251110_1024_20251111_0848,error,15,,0,,DrmsExportError('Expecting value: line 1 column 1 (char 0) [status=4]')
2025_HARP14008_20251110_1600_20251111_1424,error,15,,0,,DrmsExportError('Expecting value: line 1 column 1 (char 0) [status=4]')
2025_HARP14009_20251111_1024_20251112_0848,error,15,,0,,DrmsExportError('Expecting value: line 1 column 1 (char 0) [status=4]')
2025_HARP14008_20251111_1600_20251111_1736,error,2,,0,,DrmsExportError('Expecting value: line 1 column 1 (char 0) [status=4]')
2025_HARP14009_20251112_1024_20251113_0900,error,15,,0,,DrmsExportError('Expecting value: line 1 column 1 (char 0) [status=4]')
2025_HARP14009_20251113_1036_20251114_0900,error,15,,0,,DrmsExportError('Expecting value: line 1 column 1 (char 0) [status=4]')
2025_HARP14008_20251113_2100_20251114_0500,error,6,,0,,DrmsExportError('Expecting value: line 1 column 1 (char 0) [status=4]')
2025_HARP14024_20251114_1236_20251115_1100,error,15,,0,,DrmsExportError('Expecting value: line 1 column 1 (char 0) [status=4]')
2025_HARP14024_20251115_1236_20251116_1100,error,15,,0,,DrmsExportError('Expecting value: line 1 column 1 (char 0) [status=4]')
2025_HARP14054_20251116_0912_20251117_0424,error,13,,0,,DrmsExportError('Expecting value: line 1 column 1 (char 0) [status=4]')
2025_HARP14024_20251116_1412_20251117_1236,error,15,,0,,TimeoutError('timed out')
2025_HARP14059_20251117_1048_20251118_0248,error,11,,0,,DrmsExportError('Expecting value: line 1 column 1 (char 0) [status=4]')
2025_HARP14024_20251117_1412_20251117_2348,error,7,,0,,TimeoutError('timed out')
2025_HARP14045_20251118_1348_20251118_1348,error,1,,0,,DrmsExportError('Expecting value: line 1 column 1 (char 0) [status=4]')
2025_HARP14056_20251120_2248_20251121_1624,error,12,,0,,DrmsExportError('Expecting value: line 1 column 1 (char 0) [status=4]')
2025_HARP14056_20251121_1936_20251122_1624,error,14,,0,,DrmsExportError('Expecting value: line 1 column 1 (char 0) [status=4]')
2025_HARP14056_20251122_1936_20251123_0336,error,6,,0,,DrmsExportError('Expecting value: line 1 column 1 (char 0) [status=4]')
2025_HARP14060_20251123_0736_20251124_0424,error,14,,0,,DrmsExportError('Expecting value: line 1 column 1 (char 0) [status=4]')
2025_HARP14056_20251123_0824_20251123_1624,error,6,,0,,DrmsExportError('Expecting value: line 1 column 1 (char 0) [status=4]')
2025_HARP14056_20251123_1936_20251124_1448,error,13,,0,,DrmsExportError('Expecting value: line 1 column 1 (char 0) [status=4]')
2025_HARP14060_20251124_0736_20251124_1536,error,6,,0,,DrmsExportError('Expecting value: line 1 column 1 (char 0) [status=4]')
2025_HARP14063_20251124_1548_20251124_1548,error,1,,0,,DrmsExportError('Expecting value: line 1 column 1 (char 0) [status=4]')
2025_HARP14063_20251124_2036_20251125_1724,error,14,,0,,DrmsExportError('Expecting value: line 1 column 1 (char 0) [status=4]')
2025_HARP14057_20251124_2324_20251124_2324,error,1,,0,,DrmsExportError('Expecting value: line 1 column 1 (char 0) [status=4]')
2025_HARP14060_20251125_0736_20251125_1048,error,3,,0,,DrmsExportError('Expecting value: line 1 column 1 (char 0) [status=4]')
2025_HARP14081_20251125_1512_20251126_1348,error,15,,0,,DrmsExportError('Expecting value: line 1 column 1 (char 0) [status=4]')
2025_HARP14063_20251125_2048_20251126_1912,error,15,,0,,DrmsExportError('Expecting value: line 1 column 1 (char 0) [status=4]')
2025_HARP14060_20251126_1412_20251127_0748,error,12,,0,,DrmsExportError('Expecting value: line 1 column 1 (char 0) [status=4]')
2025_HARP14073_20251126_1948_20251127_1812,error,15,,0,,DrmsExportError('Expecting value: line 1 column 1 (char 0) [status=4]')
2025_HARP14090_20251127_0700_20251128_0524,error,15,,0,,DrmsExportError('Expecting value: line 1 column 1 (char 0) [status=4]')
2025_HARP14073_20251127_1948_20251128_1812,error,15,,0,,DrmsExportError('Expecting value: line 1 column 1 (char 0) [status=4]')
2025_HARP14090_20251128_0700_20251129_0524,error,15,,0,,DrmsExportError('Expecting value: line 1 column 1 (char 0) [status=4]')
2025_HARP14073_20251128_1948_20251129_1324,error,12,,0,,DrmsExportError('Expecting value: line 1 column 1 (char 0) [status=4]')
2025_HARP14090_20251129_0700_20251129_1324,error,5,,0,,DrmsExportError('Expecting value: line 1 column 1 (char 0) [status=4]')
2025_HARP14108_20251129_1624_20251129_1624,error,1,,0,,DrmsExportError('Expecting value: line 1 column 1 (char 0) [status=4]')
2025_HARP14090_20251129_1636_20251130_1500,error,15,,0,,DrmsExportError('Expecting value: line 1 column 1 (char 0) [status=4]')
2025_HARP14108_20251129_1936_20251130_1624,error,14,,0,,DrmsExportError('Expecting value: line 1 column 1 (char 0) [status=4]')
2025_HARP14108_20251130_1936_20251201_1624,error,14,,0,,DrmsExportError('Expecting value: line 1 column 1 (char 0) [status=4]')
2025_HARP14108_20251201_1936_20251202_1624,error,14,,0,,DrmsExportError('Expecting value: line 1 column 1 (char 0) [status=4]')
2025_HARP14111_20251203_1148_20251203_1536,error,3,,0,,DrmsExportError('Expecting value: line 1 column 1 (char 0) [status=4]')
2025_HARP14115_20251204_0336_20251204_1624,error,9,,0,,DrmsExportError('Expecting value: line 1 column 1 (char 0) [status=4]')
2025_HARP14117_20251204_1236_20251205_1100,error,15,,0,,DrmsExportError('Expecting value: line 1 column 1 (char 0) [status=4]')
2025_HARP14111_20251205_0736_20251206_0424,error,14,,0,,DrmsExportError('Expecting value: line 1 column 1 (char 0) [status=4]')
2025_HARP14124_20251205_1612_20251206_1436,error,15,,0,,DrmsExportError('Expecting value: line 1 column 1 (char 0) [status=4]')
2025_HARP14111_20251206_0736_20251207_0424,error,14,,0,,DrmsExportError('Expecting value: line 1 column 1 (char 0) [status=4]')
2025_HARP14124_20251206_1612_20251207_1436,error,15,,0,,DrmsExportError('Expecting value: line 1 column 1 (char 0) [status=4]')
2025_HARP14111_20251207_0736_20251207_2200,error,10,,0,,DrmsExportError('Expecting value: line 1 column 1 (char 0) [status=4]')
2025_HARP14117_20251207_1236_20251207_2036,error,6,,0,,DrmsExportError('Expecting value: line 1 column 1 (char 0) [status=4]')
2025_HARP14115_20251207_1936_20251208_1312,error,12,,0,,DrmsExportError('Expecting value: line 1 column 1 (char 0) [status=4]')
2025_HARP14138_20251208_1012_20251209_0836,error,15,,0,,DrmsExportError('Expecting value: line 1 column 1 (char 0) [status=4]')
2025_HARP14117_20251208_2348_20251209_1724,error,12,,0,,DrmsExportError('Expecting value: line 1 column 1 (char 0) [status=4]')
2025_HARP14143_20251209_1536_20251210_0424,error,9,,0,,DrmsExportError('Expecting value: line 1 column 1 (char 0) [status=4]')
2025_HARP14143_20251210_0736_20251210_1712,error,7,,0,,DrmsExportError('Expecting value: line 1 column 1 (char 0) [status=4]')
2025_HARP14156_20251210_1136_20251210_1624,error,4,,0,,DrmsExportError('Expecting value: line 1 column 1 (char 0) [status=4]')
2025_HARP14143_20251210_2036_20251211_1900,error,15,,0,,DrmsExportError('Expecting value: line 1 column 1 (char 0) [status=4]')
2025_HARP14156_20251211_1948_20251212_1812,error,15,,0,,DrmsExportError('Expecting value: line 1 column 1 (char 0) [status=4]')
2025_HARP14143_20251212_0748_20251212_1236,error,4,,0,,DrmsExportError('Expecting value: line 1 column 1 (char 0) [status=4]')
2025_HARP14156_20251212_1948_20251213_1812,error,15,,0,,DrmsExportError('Expecting value: line 1 column 1 (char 0) [status=4]')
2025_HARP14156_20251213_1948_20251214_1636,error,14,,0,,DrmsExportError('Expecting value: line 1 column 1 (char 0) [status=4]')
2025_HARP14172_20251214_1448_20251214_1448,error,1,,0,,DrmsExportError('Expecting value: line 1 column 1 (char 0) [status=4]')
2025_HARP14165_20251215_0124_20251215_2348,error,15,,0,,TimeoutError('timed out')
2025_HARP14172_20251215_1048_20251216_0424,error,12,,0,,DrmsExportError('Expecting value: line 1 column 1 (char 0) [status=4]')
2025_HARP14172_20251216_0736_20251216_0912,error,2,,0,,DrmsExportError('Expecting value: line 1 column 1 (char 0) [status=4]')
2025_HARP14165_20251218_0148_20251219_0012,error,15,,0,,DrmsExportError('Expecting value: line 1 column 1 (char 0) [status=4]')
2025_HARP14165_20251219_0148_20251219_2236,error,14,,0,,DrmsExportError('Expecting value: line 1 column 1 (char 0) [status=4]')
2025_HARP14177_20251219_2048_20251220_1912,error,15,,0,,DrmsExportError('Expecting value: line 1 column 1 (char 0) [status=4]')
2025_HARP14177_20251220_2048_20251221_1912,error,15,,0,,DrmsExportError('Expecting value: line 1 column 1 (char 0) [status=4]')
2025_HARP14176_20251221_1836_20251222_1700,error,15,,0,,DrmsExportError('Expecting value: line 1 column 1 (char 0) [status=4]')
2025_HARP14177_20251221_2048_20251222_1736,error,14,,0,,DrmsExportError('Expecting value: line 1 column 1 (char 0) [status=4]')
2025_HARP14176_20251222_1836_20251223_1700,error,15,,0,,DrmsExportError('Expecting value: line 1 column 1 (char 0) [status=4]')
2025_HARP14177_20251222_2048_20251223_0448,error,6,,0,,DrmsExportError('Expecting value: line 1 column 1 (char 0) [status=4]')
2025_HARP14176_20251223_1836_20251224_0424,error,7,,0,,DrmsExportError('Expecting value: line 1 column 1 (char 0) [status=4]')
2025_HARP14176_20251224_0736_20251225_0424,error,14,,0,,DrmsExportError('Expecting value: line 1 column 1 (char 0) [status=4]')
2025_HARP14187_20251224_2048_20251225_1912,error,15,,0,,DrmsExportError('Expecting value: line 1 column 1 (char 0) [status=4]')
2025_HARP14191_20251225_1236_20251226_1100,error,15,,0,,DrmsExportError('Expecting value: line 1 column 1 (char 0) [status=4]')
2025_HARP14187_20251225_2048_20251226_0800,error,8,,0,,DrmsExportError('Expecting value: line 1 column 1 (char 0) [status=4]')
2025_HARP14191_20251226_1236_20251227_1100,error,15,,0,,DrmsExportError('Expecting value: line 1 column 1 (char 0) [status=4]')
2025_HARP14200_20251226_1900_20251227_1724,error,15,,0,,DrmsExportError('Expecting value: line 1 column 1 (char 0) [status=4]')
2025_HARP14191_20251227_1236_20251228_1100,error,15,,0,,DrmsExportError('Expecting value: line 1 column 1 (char 0) [status=4]')
2025_HARP14200_20251227_1900_20251228_1724,error,15,,0,,DrmsExportError('Expecting value: line 1 column 1 (char 0) [status=4]')
2025_HARP14191_20251228_1236_20251228_2348,error,8,,0,,DrmsExportError('Expecting value: line 1 column 1 (char 0) [status=4]')
2025_HARP14205_20251228_1736_20251229_1600,error,15,,0,,DrmsExportError('Expecting value: line 1 column 1 (char 0) [status=4]')
2025_HARP14230_20251229_1236_20251229_1236,error,1,,0,,DrmsExportError('Expecting value: line 1 column 1 (char 0) [status=4]')
2025_HARP14200_20251229_1900_20251230_0436,error,7,,0,,DrmsExportError('Expecting value: line 1 column 1 (char 0) [status=4]')
2025_HARP14205_20251230_0800_20251231_0200,error,12,,0,,DrmsExportError('Expecting value: line 1 column 1 (char 0) [status=4]')
2025_HARP14220_20251230_1612_20251230_1748,error,2,,0,,DrmsExportError('Expecting value: line 1 column 1 (char 0) [status=4]')
2025_HARP14215_20251231_1000_20251231_1624,error,5,,0,,DrmsExportError('Expecting value: line 1 column 1 (char 0) [status=4]')
2025_HARP14220_20251231_2124_20251231_2300,error,2,,0,,DrmsExportError('Expecting value: line 1 column 1 (char 0) [status=4]')
